ID,Zone,Weight
1,5,15
2,5,17
3,5,16
4,5,12
5,1,19
6,3,21
7,3,11
8,5,11
9,2,23
10,3,25
11,2,17
12,5,13
13,5,23
14,4,19
15,2,19
16,1,23
17,3,23
18,1,10
19,3,13
20,3,12
21,1,11
22,1,25
23,3,13
24,3,16
25,2,15
26,4,13
27,5,19
28,5,23
29,1,25
30,4,19
31,4,16
32,5,10
33,2,12
34,2,22
35,5,16
36,4,13
37,4,24
38,1,17
39,1,19
40,4,18
41,4,18
42,2,17
43,3,14
44,2,25
45,1,16
46,2,14
47,1,20
48,3,12
49,4,10
50,2,16
51,2,10
52,1,10
53,1,22
54,2,12
55,3,15
56,4,24
57,2,25
58,1,19
59,5,11
60,1,16
61,3,21
62,3,19
63,1,16
64,4,16
65,3,23
66,1,16
67,3,12
68,5,10
69,2,23
70,2,14
71,2,17
72,5,25
73,2,13
74,4,25
75,4,19
76,1,21
77,1,21
78,3,17
79,1,10
80,3,13
81,4,17
82,1,10
83,3,23
84,3,16
85,3,24
86,4,15
87,2,14
88,2,12
89,2,24
90,5,16
91,3,12
92,1,19
93,2,18
94,2,14
95,4,23
96,4,25
97,1,23
98,5,23
99,4,25
100,2,18
101,3,14
102,5,17
103,5,24
104,2,22
105,5,25
106,5,15
107,5,18
108,5,12
109,5,19
110,5,20
111,4,13
112,4,25
113,4,20
114,1,17
115,4,23
116,3,20
117,5,11
118,2,22
119,3,12
120,3,10
121,1,23
122,2,23
123,3,15
124,5,12
125,2,22
126,2,18
127,5,18
128,5,23
129,1,12
130,3,19
131,5,13
132,4,15
133,2,17
134,1,19
135,5,10
136,4,22
137,5,19
138,2,12
139,1,15
140,2,12
141,3,24
142,5,11
143,3,12
144,3,24
145,4,16
146,5,18
147,2,14
148,5,11
149,1,14
150,1,15
151,5,15
152,4,24
153,2,11
154,5,11
155,2,11
156,4,16
157,1,19
158,5,22
159,5,19
160,5,23
161,2,10
162,2,14
163,1,23
164,2,16
165,2,15
166,5,16
167,4,12
168,4,19
169,3,25
170,2,14
171,5,15
172,3,23
173,1,23
174,3,11
175,4,16
176,5,17
177,3,10
178,5,12
179,5,11
180,2,11
181,5,21
182,3,25
183,1,17
184,3,12
185,3,15
186,5,10
187,2,10
188,5,21
189,1,13
190,2,17
191,5,21
192,2,18
193,1,20
194,3,12
195,3,23
196,4,25
197,5,23
198,2,17
199,3,23
200,4,21
201,1,19
202,4,14
203,2,11
204,4,22
205,5,13
206,2,10
207,5,25
208,5,12
209,4,25
210,5,16
211,2,16
212,1,10
213,4,18
214,2,19
215,5,19
216,3,25
217,1,25
218,4,19
219,1,14
220,3,20
221,3,23
222,5,21
223,4,20
224,2,25
225,5,18
226,2,19
227,1,18
228,3,11
229,5,17
230,3,25
231,3,22
232,2,18
233,5,11
234,5,13
235,5,23
236,5,19
237,5,14
238,3,19
239,4,22
240,5,14
241,2,17
242,1,10
243,5,11
244,3,17
245,5,11
246,3,25
247,2,16
248,2,10
249,4,25
250,5,17
251,2,12
252,5,16
253,3,22
254,3,22
255,4,10
256,1,19
257,4,15
258,1,10
259,5,11
260,2,20
261,3,17
262,1,21
263,2,17
264,5,10
265,5,22
266,3,22
267,5,24
268,3,10
269,1,20
270,5,19
271,2,13
272,5,18
273,2,23
274,1,20
275,1,25
276,4,12
277,2,25
278,1,24
279,4,11
280,2,16
281,5,18
282,5,19
283,1,10
284,4,23
285,3,15
286,4,21
287,2,17
288,3,21
289,1,18
290,5,19
291,2,18
292,1,21
293,1,12
294,2,18
295,3,22
296,2,10
297,3,14
298,1,16
299,4,23
300,2,11
301,3,18
302,2,20
303,4,14
304,5,12
305,2,22
306,3,11
307,5,24
308,1,15
309,5,16
310,5,14
311,2,13
312,5,14
313,3,16
314,2,24
315,5,19
316,1,13
317,5,19
318,4,17
319,2,13
320,3,18
321,2,25
322,2,22
323,3,19
324,4,18
325,5,22
326,3,21
327,2,15
328,1,21
329,3,18
330,4,18
331,5,18
332,1,17
333,5,15
334,1,12
335,1,24
336,3,18
337,2,17
338,2,13
339,3,17
340,4,20
341,3,13
342,5,24
343,4,13
344,1,19
345,1,15
346,2,12
347,3,10
348,5,11
349,1,13
350,2,19
351,3,21
352,2,16
353,1,10
354,4,20
355,5,20
356,5,22
357,2,22
358,3,22
359,2,13
360,1,25
361,1,10
362,2,25
363,5,14
364,4,11
365,2,12
366,5,24
367,5,19
368,3,24
369,4,11
370,3,16
371,5,24
372,5,18
373,1,16
374,4,22
375,2,10
376,2,18
377,4,21
378,3,21
379,5,21
380,4,15
381,3,14
382,1,23
383,3,22
384,4,15
385,5,21
386,3,11
387,5,12
388,1,19
389,3,20
390,5,13
391,3,24
392,3,12
393,5,19
394,1,20
395,1,14
396,1,21
397,4,17
398,2,15
399,1,10
400,5,11
401,3,10
402,1,20
403,4,19
404,4,17
405,3,17
406,2,15
407,4,15
408,1,21
409,3,18
410,3,12
411,5,14
412,5,15
413,1,21
414,2,24
415,3,13
416,3,17
417,2,13
418,2,13
419,4,24
420,1,23
421,1,19
422,5,22
423,3,16
424,1,13
425,5,16
426,4,15
427,1,18
428,2,22
429,4,24
430,1,18
431,5,22
432,3,25
433,3,25
434,4,11
435,1,13
436,3,12
437,5,14
438,4,23
439,1,25
440,1,19
441,1,12
442,2,11
443,4,13
444,5,19
445,4,21
446,5,23
447,5,21
448,5,22
449,4,10
450,3,24
451,4,17
452,5,12
453,4,18
454,3,21
455,4,14
456,1,15
457,3,11
458,3,15
459,1,11
460,5,21
461,5,24
462,5,24
463,2,23
464,4,20
465,3,16
466,2,24
467,4,16
468,2,24
469,5,14
470,5,17
471,2,11
472,4,18
473,3,24
474,5,23
475,5,21
476,1,18
477,2,19
478,2,16
479,3,17
480,2,19
481,5,24
482,5,12
483,1,12
484,1,23
485,1,19
486,3,15
487,2,13
488,2,18
489,4,17
490,5,20
491,5,14
492,5,17
493,4,16
494,2,11
495,2,11
496,3,16
497,2,13
498,1,11
499,1,25
500,1,19
501,2,20
502,1,24
503,5,17
504,1,13
505,4,24
506,4,14
507,2,24
508,2,15
509,3,25
510,1,25
511,2,19
512,5,21
513,2,13
514,4,15
515,2,15
516,2,11
517,2,17
518,5,12
519,3,10
520,1,13
521,5,14
522,5,18
523,1,13
524,4,23
525,1,13
526,1,16
527,2,17
528,2,25
529,4,15
530,2,14
531,5,14
532,5,13
533,2,25
534,3,10
535,1,16
536,5,13
537,4,16
538,5,11
539,4,17
540,1,17
541,4,20
542,3,19
543,5,10
544,1,21
545,5,25
546,1,15
547,5,20
548,5,23
549,4,19
550,4,18
551,4,14
552,2,21
553,4,21
554,5,24
555,3,11
556,2,21
557,1,21
558,3,10
559,2,16
560,3,15
561,5,16
562,5,14
563,3,16
564,3,11
565,3,16
566,1,24
567,3,23
568,4,11
569,4,24
570,5,11
571,5,14
572,4,13
573,2,17
574,2,17
575,1,14
576,3,12
577,2,11
578,2,19
579,5,25
580,1,25
581,2,12
582,4,13
583,5,18
584,5,19
585,2,25
586,5,19
587,1,10
588,1,21
589,4,12
590,3,12
591,4,18
592,3,13
593,5,25
594,5,16
595,3,21
596,2,12
597,2,14
598,2,17
599,3,12
600,4,14
601,5,12
602,4,23
603,1,16
604,5,20
605,4,20
606,5,14
607,4,22
608,1,18
609,4,14
610,3,18
611,1,13
612,2,17
613,5,25
614,5,21
615,4,16
616,4,21
617,5,25
618,2,18
619,4,23
620,1,24
621,3,20
622,4,19
623,5,19
624,4,21
625,2,20
626,5,10
627,3,10
628,4,17
629,1,10
630,3,17
631,5,19
632,2,23
633,5,22
634,2,18
635,4,11
636,4,11
637,1,11
638,3,18
639,2,20
640,3,12
641,2,11
642,5,11
643,1,24
644,2,11
645,2,25
646,2,19
647,2,23
648,1,25
649,1,25
650,5,24
651,1,11
652,4,10
653,2,20
654,3,14
655,3,20
656,2,13
657,2,20
658,5,22
659,3,18
660,2,25
661,2,17
662,2,13
663,3,21
664,2,19
665,4,19
666,1,15
667,5,24
668,4,11
669,5,13
670,3,22
671,3,22
672,3,10
673,1,10
674,5,11
675,1,19
676,1,23
677,2,19
678,1,15
679,1,14
680,3,25
681,2,23
682,4,13
683,4,16
684,5,24
685,3,19
686,3,23
687,2,12
688,4,18
689,4,16
690,1,10
691,1,20
692,5,11
693,5,24
694,2,24
695,3,18
696,3,10
697,1,18
698,3,10
699,3,22
700,5,20
701,4,15
702,5,17
703,4,15
704,2,13
705,2,25
706,3,12
707,3,14
708,1,23
709,2,17
710,1,25
711,5,11
712,1,11
713,5,18
714,5,12
715,2,19
716,3,21
717,4,12
718,4,11
719,4,12
720,4,23
721,3,11
722,5,24
723,2,12
724,3,19
725,3,11
726,4,22
727,4,12
728,5,17
729,4,12
730,4,13
731,4,24
732,1,10
733,1,22
734,5,22
735,2,17
736,1,11
737,5,10
738,1,20
739,5,16
740,3,21
741,2,19
742,5,20
743,4,11
744,2,22
745,1,18
746,4,24
747,1,25
748,1,22
749,3,20
750,5,18
751,1,16
752,5,10
753,3,16
754,5,22
755,3,14
756,4,25
757,5,18
758,5,24
759,4,11
760,4,24
761,1,25
762,3,17
763,2,13
764,2,17
765,2,19
766,5,11
767,5,25
768,3,22
769,4,21
770,5,17
771,4,10
772,2,19
773,1,22
774,3,21
775,1,14
776,1,21
777,1,24
778,2,22
779,3,22
780,5,10
781,4,11
782,1,12
783,5,18
784,2,11
785,3,13
786,5,12
787,5,21
788,2,14
789,2,23
790,5,11
791,3,20
792,4,15
793,4,14
794,1,19
795,4,18
796,5,16
797,2,21
798,2,14
799,3,14
800,2,11
801,4,12
802,5,12
803,4,13
804,4,24
805,2,10
806,2,16
807,3,23
808,4,19
809,2,10
810,3,10
811,5,22
812,1,16
813,2,14
814,5,24
815,3,16
816,1,10
817,5,11
818,4,11
819,5,19
820,5,11
821,3,23
822,2,18
823,5,21
824,5,17
825,4,24
826,2,15
827,5,24
828,2,20
829,1,20
830,1,25
831,1,14
832,1,17
833,4,22
834,5,12
835,5,18
836,4,16
837,3,22
838,2,25
839,1,24
840,4,14
841,3,21
842,2,14
843,3,15
844,1,23
845,5,13
846,1,22
847,1,19
848,4,10
849,4,25
850,5,10
851,1,15
852,3,12
853,1,15
854,5,18
855,2,19
856,2,14
857,5,16
858,2,21
859,3,23
860,4,21
861,2,17
862,5,12
863,2,17
864,5,24
865,3,25
866,3,21
867,5,16
868,2,25
869,2,17
870,3,24
871,1,22
872,1,22
873,3,23
874,3,24
875,4,24
876,1,12
877,1,24
878,3,19
879,5,23
880,4,12
881,2,17
882,2,21
883,4,23
884,2,11
885,2,19
886,4,13
887,5,13
888,3,17
889,4,12
890,5,15
891,2,25
892,5,22
893,1,17
894,4,15
895,2,10
896,4,20
897,1,25
898,1,25
899,4,20
900,4,19
901,5,14
902,2,22
903,3,15
904,2,11
905,1,15
906,3,16
907,5,11
908,4,16
909,2,22
910,4,24
911,2,25
912,4,21
913,5,17
914,4,18
915,4,16
916,4,20
917,4,12
918,5,18
919,2,24
920,1,10
921,5,11
922,2,12
923,3,18
924,5,20
925,1,19
926,2,20
927,1,20
928,1,18
929,5,24
930,2,20
931,4,17
932,4,16
933,2,25
934,5,16
935,2,23
936,5,11
937,3,19
938,4,15
939,5,22
940,3,18
941,2,16
942,1,12
943,3,11
944,2,19
945,4,15
946,2,14
947,2,16
948,1,20
949,4,25
950,2,15
951,4,13
952,5,14
953,1,19
954,3,13
955,2,16
956,4,22
957,2,24
958,2,12
959,3,20
960,4,18
961,5,14
962,2,13
963,2,25
964,1,11
965,3,13
966,4,12
967,1,22
968,1,10
969,3,21
970,3,17
971,4,21
972,5,23
973,4,22
974,1,16
975,5,23
976,2,10
977,1,17
978,3,24
979,1,11
980,2,23
981,2,13
982,2,16
983,3,25
984,3,21
985,3,21
986,4,14
987,2,19
988,3,18
989,2,24
990,4,11
991,5,22
992,3,19
993,4,18
994,5,21
995,1,12
996,2,21
997,1,21
998,3,14
999,1,10
1000,4,17
1001,5,24
1002,5,23
1003,4,12
1004,3,21
1005,3,17
1006,1,18
1007,3,22
1008,5,14
1009,2,14
1010,5,20
1011,2,15
1012,3,19
1013,1,22
1014,4,20
1015,4,24
1016,5,17
1017,3,21
1018,4,10
1019,3,18
1020,5,10
1021,4,15
1022,4,10
1023,5,18
1024,4,23
1025,4,19
1026,5,18
1027,1,20
1028,5,12
1029,5,13
1030,2,22
1031,3,22
1032,2,25
1033,4,12
1034,2,16
1035,1,11
1036,2,13
1037,5,11
1038,1,22
1039,1,14
1040,2,12
1041,1,16
1042,1,19
1043,3,16
1044,1,19
1045,1,12
1046,3,22
1047,5,22
1048,2,25
1049,2,16
1050,3,10
1051,3,16
1052,4,18
1053,4,14
1054,4,13
1055,1,16
1056,1,18
1057,1,23
1058,3,16
1059,3,20
1060,2,18
1061,2,18
1062,4,22
1063,2,23
1064,5,21
1065,3,17
1066,4,14
1067,3,17
1068,2,15
1069,5,16
1070,1,19
1071,3,12
1072,5,12
1073,2,15
1074,1,24
1075,1,21
1076,1,11
1077,1,11
1078,4,10
1079,4,21
1080,2,23
1081,5,19
1082,2,23
1083,1,10
1084,1,14
1085,1,12
1086,3,16
1087,1,12
1088,5,25
1089,4,16
1090,5,16
1091,3,12
1092,3,10
1093,3,18
1094,4,19
1095,3,10
1096,4,17
1097,2,25
1098,4,14
1099,5,18
1100,4,17
1101,4,19
1102,3,19
1103,3,14
1104,2,21
1105,1,22
1106,2,22
1107,4,11
1108,3,18
1109,3,12
1110,2,17
1111,5,16
1112,2,22
1113,1,20
1114,4,17
1115,4,14
1116,1,17
1117,2,13
1118,4,23
1119,3,25
1120,3,21
1121,1,16
1122,1,14
1123,2,19
1124,3,12
1125,1,22
1126,4,25
1127,4,21
1128,1,15
1129,2,24
1130,4,16
1131,5,24
1132,4,12
1133,1,22
1134,2,16
1135,2,16
1136,2,24
1137,3,21
1138,5,16
1139,2,21
1140,4,11
1141,5,25
1142,3,25
1143,4,14
1144,4,13
1145,4,19
1146,2,23
1147,5,14
1148,5,17
1149,2,16
1150,2,10
1151,1,13
1152,3,11
1153,1,22
1154,4,16
1155,4,25
1156,1,24
1157,5,13
1158,2,25
1159,2,11
1160,2,17
1161,3,21
1162,5,20
1163,2,14
1164,2,20
1165,5,22
1166,1,15
1167,3,23
1168,1,17
1169,5,20
1170,2,20
1171,4,11
1172,4,21
1173,5,13
1174,2,25
1175,1,23
1176,3,12
1177,2,19
1178,1,17
1179,1,13
1180,1,10
1181,2,16
1182,4,12
1183,5,11
1184,4,23
1185,2,17
1186,5,12
1187,2,12
1188,4,17
1189,2,17
1190,2,23
1191,2,25
1192,2,19
1193,2,13
1194,1,21
1195,2,24
1196,5,16
1197,5,13
1198,5,25
1199,1,15
1200,4,11
1201,1,11
1202,2,22
1203,3,14
1204,4,22
1205,5,12
1206,4,16
1207,5,22
1208,1,19
1209,3,13
1210,1,23
1211,3,23
1212,3,21
1213,5,25
1214,4,23
1215,5,13
1216,4,23
1217,2,20
1218,4,13
1219,5,23
1220,1,19
1221,2,15
1222,5,18
1223,4,23
1224,4,19
1225,1,16
1226,5,16
1227,3,13
1228,5,13
1229,3,22
1230,3,13
1231,1,19
1232,3,12
1233,2,10
1234,2,14
1235,2,18
1236,1,11
1237,2,22
1238,3,16
1239,2,11
1240,4,12
1241,5,14
1242,1,14
1243,2,14
1244,2,24
1245,4,11
1246,3,23
1247,3,24
1248,4,12
1249,4,25
1250,2,12
1251,1,14
1252,3,17
1253,3,19
1254,4,24
1255,4,18
1256,2,16
1257,5,19
1258,4,13
1259,4,25
1260,1,19
1261,2,24
1262,5,20
1263,5,18
1264,1,22
1265,3,11
1266,3,22
1267,2,13
1268,3,11
1269,1,12
1270,4,13
1271,3,14
1272,2,20
1273,4,14
1274,1,25
1275,3,24
1276,3,25
1277,2,24
1278,2,22
1279,2,10
1280,4,23
1281,3,19
1282,2,14
1283,4,24
1284,2,13
1285,2,15
1286,4,14
1287,5,14
1288,5,25
1289,5,22
1290,4,11
1291,2,25
1292,5,20
1293,3,17
1294,3,19
1295,1,24
1296,5,24
1297,3,21
1298,5,11
1299,5,12
1300,4,18
1301,2,24
1302,5,15
1303,1,19
1304,5,19
1305,3,21
1306,4,12
1307,5,16
1308,3,12
1309,5,24
1310,3,20
1311,5,12
1312,3,19
1313,4,18
1314,5,12
1315,5,24
1316,5,10
1317,4,13
1318,4,25
1319,2,23
1320,4,17
1321,5,18
1322,5,17
1323,3,12
1324,2,19
1325,2,25
1326,2,19
1327,3,19
1328,2,24
1329,3,19
1330,3,19
1331,5,16
1332,1,24
1333,3,24
1334,5,10
1335,2,17
1336,4,11
1337,2,23
1338,5,18
1339,4,12
1340,5,16
1341,3,11
1342,1,15
1343,2,16
1344,3,14
1345,2,23
1346,3,25
1347,5,22
1348,2,17
1349,2,10
1350,4,12
1351,4,21
1352,4,12
1353,4,16
1354,1,10
1355,2,17
1356,4,12
1357,1,15
1358,1,13
1359,1,23
1360,3,18
1361,1,13
1362,5,19
1363,1,23
1364,3,10
1365,5,16
1366,4,15
1367,3,19
1368,1,16
1369,3,24
1370,2,14
1371,5,20
1372,3,10
1373,2,19
1374,2,25
1375,2,15
1376,2,15
1377,2,14
1378,5,12
1379,1,10
1380,1,10
1381,4,19
1382,5,23
1383,2,16
1384,3,13
1385,5,22
1386,5,17
1387,4,20
1388,2,20
1389,3,13
1390,5,17
1391,2,16
1392,1,11
1393,2,22
1394,4,20
1395,2,20
1396,3,11
1397,2,15
1398,5,14
1399,3,24
1400,2,16
1401,1,25
1402,2,15
1403,1,14
1404,3,20
1405,4,22
1406,4,12
1407,4,19
1408,1,11
1409,3,10
1410,3,16
1411,1,18
1412,5,24
1413,1,19
1414,1,14
1415,5,20
1416,3,20
1417,3,23
1418,1,25
1419,4,19
1420,5,10
1421,2,13
1422,5,20
1423,1,20
1424,3,25
1425,3,18
1426,2,15
1427,2,14
1428,2,14
1429,5,19
1430,5,23
1431,2,15
1432,4,20
1433,3,15
1434,5,25
1435,5,17
1436,1,21
1437,2,10
1438,4,13
1439,2,10
1440,2,14
1441,4,11
1442,5,16
1443,5,20
1444,5,24
1445,1,13
1446,2,13
1447,2,22
1448,3,13
1449,1,11
1450,1,20
1451,4,18
1452,4,19
1453,4,17
1454,2,16
1455,2,20
1456,4,18
1457,2,13
1458,5,19
1459,1,11
1460,4,25
1461,2,24
1462,4,11
1463,4,11
1464,3,13
1465,4,18
1466,5,10
1467,1,23
1468,5,24
1469,3,12
1470,3,18
1471,5,15
1472,2,15
1473,4,10
1474,1,13
1475,2,14
1476,4,14
1477,3,18
1478,1,20
1479,1,13
1480,5,19
1481,3,10
1482,2,20
1483,5,23
1484,2,24
1485,4,15
1486,2,21
1487,2,18
1488,2,16
1489,3,25
1490,3,22
1491,3,18
1492,3,13
1493,4,17
1494,4,12
1495,4,25
1496,5,20
1497,4,22
1498,1,24
1499,5,12
1500,4,22
1501,1,17
1502,4,17
1503,2,21
1504,2,17
1505,4,21
1506,1,13
1507,1,23
1508,4,14
1509,1,19
1510,3,18
1511,1,14
1512,5,14
1513,5,19
1514,5,13
1515,4,14
1516,5,10
1517,4,20
1518,4,11
1519,4,23
1520,2,19
1521,2,16
1522,2,21
1523,3,13
1524,4,22
1525,1,19
1526,4,24
1527,1,19
1528,5,19
1529,1,24
1530,1,13
1531,4,20
1532,4,20
1533,3,23
1534,3,24
1535,4,13
1536,2,16
1537,1,25
1538,4,23
1539,4,24
1540,3,15
1541,5,20
1542,1,13
1543,1,20
1544,1,24
1545,2,12
1546,2,21
1547,3,23
1548,2,10
1549,1,21
1550,5,16
1551,2,11
1552,4,10
1553,1,19
1554,2,12
1555,5,25
1556,2,25
1557,3,17
1558,5,14
1559,3,11
1560,4,16
1561,5,13
1562,5,23
1563,3,10
1564,4,14
1565,5,22
1566,4,21
1567,4,23
1568,1,10
1569,3,15
1570,3,25
1571,1,21
1572,1,24
1573,2,22
1574,4,23
1575,5,24
1576,1,15
1577,5,20
1578,5,15
1579,5,10
1580,4,24
1581,1,22
1582,4,12
1583,4,14
1584,5,24
1585,2,23
1586,2,18
1587,4,23
1588,1,11
1589,2,14
1590,5,18
1591,5,14
1592,5,19
1593,5,21
1594,3,18
1595,5,18
1596,4,11
1597,1,21
1598,5,15
1599,1,16
1600,4,19
1601,1,13
1602,2,20
1603,4,22
1604,3,19
1605,4,10
1606,4,15
1607,5,21
1608,1,15
1609,1,23
1610,3,15
1611,1,14
1612,1,18
1613,5,19
1614,4,15
1615,5,14
1616,1,18
1617,2,25
1618,3,21
1619,5,13
1620,4,24
1621,4,24
1622,1,13
1623,2,21
1624,4,21
1625,2,11
1626,4,22
1627,1,25
1628,5,25
1629,2,25
1630,4,23
1631,1,22
1632,5,16
1633,3,17
1634,4,18
1635,3,21
1636,2,10
1637,5,14
1638,3,16
1639,4,14
1640,1,11
1641,3,21
1642,5,16
1643,1,11
1644,3,12
1645,4,17
1646,4,15
1647,3,14
1648,2,23
1649,3,21
1650,1,22
1651,4,11
1652,3,11
1653,5,22
1654,2,18
1655,2,22
1656,4,20
1657,2,10
1658,3,14
1659,1,15
1660,3,16
1661,5,22
1662,5,12
1663,2,12
1664,5,24
1665,3,22
1666,2,21
1667,4,23
1668,1,14
1669,3,17
1670,1,19
1671,5,15
1672,5,17
1673,2,23
1674,1,12
1675,1,11
1676,4,11
1677,2,12
1678,5,19
1679,3,24
1680,2,17
1681,2,16
1682,2,19
1683,5,17
1684,3,17
1685,3,16
1686,3,18
1687,1,10
1688,2,13
1689,4,12
1690,3,16
1691,5,11
1692,5,11
1693,1,24
1694,4,24
1695,1,23
1696,5,25
1697,3,22
1698,3,11
1699,4,17
1700,4,10
1701,1,25
1702,2,16
1703,2,11
1704,1,23
1705,3,13
1706,2,16
1707,1,14
1708,4,10
1709,2,21
1710,5,18
1711,5,25
1712,4,16
1713,5,16
1714,3,11
1715,2,13
1716,5,13
1717,3,10
1718,4,15
1719,1,24
1720,5,19
1721,1,19
1722,3,17
1723,3,13
1724,3,18
1725,1,14
1726,1,15
1727,4,15
1728,5,16
1729,4,15
1730,3,24
1731,5,18
1732,1,19
1733,5,11
1734,3,23
1735,1,10
1736,4,10
1737,5,17
1738,4,18
1739,5,24
1740,1,20
1741,4,25
1742,3,20
1743,2,17
1744,3,10
1745,2,25
1746,2,22
1747,1,22
1748,5,16
1749,4,14
1750,1,21
1751,5,19
1752,3,25
1753,5,24
1754,2,12
1755,2,19
1756,1,23
1757,3,14
1758,5,20
1759,4,13
1760,2,11
1761,4,16
1762,1,20
1763,4,12
1764,4,20
1765,2,24
1766,1,22
1767,5,20
1768,2,22
1769,1,24
1770,5,25
1771,1,19
1772,5,16
1773,4,19
1774,5,20
1775,2,10
1776,1,21
1777,4,23
1778,2,25
1779,5,16
1780,1,21
1781,4,17
1782,5,15
1783,5,13
1784,4,20
1785,3,17
1786,5,24
1787,1,12
1788,5,24
1789,1,11
1790,2,15
1791,3,24
1792,3,17
1793,3,23
1794,3,10
1795,2,13
1796,5,13
1797,1,24
1798,2,12
1799,3,14
1800,4,23
1801,5,25
1802,1,12
1803,5,13
1804,1,16
1805,3,11
1806,2,24
1807,5,17
1808,2,17
1809,4,11
1810,3,25
1811,4,23
1812,3,12
1813,5,23
1814,4,10
1815,2,24
1816,4,11
1817,1,10
1818,1,23
1819,1,12
1820,5,21
1821,3,14
1822,2,18
1823,5,22
1824,3,21
1825,1,23
1826,1,23
1827,3,19
1828,2,14
1829,4,13
1830,2,25
1831,4,17
1832,2,14
1833,2,19
1834,5,25
1835,3,14
1836,3,13
1837,2,22
1838,3,25
1839,2,11
1840,2,22
1841,4,10
1842,1,17
1843,5,15
1844,5,11
1845,2,20
1846,4,14
1847,4,18
1848,3,21
1849,3,22
1850,3,22
1851,1,22
1852,2,19
1853,5,17
1854,3,15
1855,1,11
1856,1,21
1857,5,12
1858,4,12
1859,4,13
1860,1,17
1861,5,16
1862,1,17
1863,4,24
1864,1,22
1865,4,17
1866,1,15
1867,4,12
1868,3,24
1869,1,23
1870,5,10
1871,5,22
1872,4,23
1873,5,18
1874,2,21
1875,4,17
1876,1,15
1877,1,17
1878,1,13
1879,2,11
1880,2,20
1881,4,19
1882,5,18
1883,2,11
1884,5,18
1885,5,11
1886,3,22
1887,5,22
1888,2,14
1889,3,16
1890,5,19
1891,1,22
1892,5,18
1893,5,22
1894,2,20
1895,1,25
1896,1,23
1897,5,19
1898,1,18
1899,3,25
1900,3,25
1901,4,12
1902,4,20
1903,2,20
1904,1,16
1905,5,25
1906,2,23
1907,1,23
1908,1,24
1909,2,13
1910,1,25
1911,1,22
1912,1,17
1913,2,25
1914,3,18
1915,3,19
1916,4,15
1917,1,23
1918,2,10
1919,1,12
1920,4,20
1921,3,10
1922,4,21
1923,3,16
1924,5,18
1925,1,18
1926,2,22
1927,5,21
1928,3,15
1929,3,14
1930,5,24
1931,2,14
1932,3,24
1933,2,13
1934,4,22
1935,3,17
1936,3,13
1937,2,20
1938,2,21
1939,4,17
1940,5,20
1941,2,20
1942,1,15
1943,5,21
1944,3,22
1945,4,19
1946,5,19
1947,4,10
1948,1,11
1949,4,10
1950,2,19
1951,1,17
1952,4,22
1953,4,19
1954,2,16
1955,1,24
1956,3,23
1957,3,17
1958,4,23
1959,1,21
1960,4,14
1961,1,18
1962,3,21
1963,1,20
1964,1,22
1965,1,11
1966,5,19
1967,1,21
1968,3,20
1969,4,14
1970,3,22
1971,2,16
1972,1,22
1973,5,13
1974,3,23
1975,1,25
1976,2,10
1977,1,13
1978,1,21
1979,3,24
1980,3,24
1981,4,12
1982,2,11
1983,1,13
1984,1,18
1985,2,19
1986,1,11
1987,2,24
1988,3,20
1989,5,11
1990,2,13
1991,3,25
1992,4,18
1993,5,18
1994,3,17
1995,2,24
1996,3,24
1997,4,19
1998,5,14
1999,2,20
2000,4,21
2001,1,19
2002,1,15
2003,1,15
2004,2,24
2005,2,23
2006,1,15
2007,4,22
2008,1,14
2009,3,20
2010,1,18
2011,5,21
2012,3,25
2013,2,24
2014,4,17
2015,1,18
2016,3,22
2017,5,20
2018,5,25
2019,5,15
2020,2,11
2021,2,11
2022,4,17
2023,2,25
2024,5,11
2025,3,11
2026,5,24
2027,1,23
2028,5,11
2029,3,17
2030,5,12
2031,2,11
2032,2,21
2033,4,17
2034,5,13
2035,2,22
2036,1,10
2037,2,22
2038,3,11
2039,4,15
2040,2,16
2041,1,21
2042,5,16
2043,4,15
2044,1,25
2045,4,22
2046,5,18
2047,2,22
2048,4,21
2049,2,15
2050,1,12
2051,3,19
2052,3,11
2053,4,23
2054,4,14
2055,5,17
2056,1,20
2057,1,24
2058,5,21
2059,1,13
2060,5,24
2061,4,24
2062,3,15
2063,5,22
2064,3,23
2065,2,14
2066,5,14
2067,4,20
2068,5,11
2069,4,24
2070,5,15
2071,3,17
2072,1,10
2073,3,13
2074,2,21
2075,5,14
2076,3,15
2077,5,20
2078,2,17
2079,2,20
2080,3,16
2081,4,16
2082,5,12
2083,5,11
2084,3,12
2085,2,15
2086,4,19
2087,3,13
2088,2,24
2089,4,23
2090,5,19
2091,5,17
2092,5,19
2093,5,20
2094,2,14
2095,1,12
2096,3,16
2097,2,18
2098,5,11
2099,4,22
2100,1,10
2101,1,12
2102,3,15
2103,2,18
2104,2,18
2105,1,20
2106,5,19
2107,1,25
2108,2,21
2109,2,11
2110,4,16
2111,1,21
2112,3,22
2113,4,11
2114,3,14
2115,2,25
2116,1,14
2117,4,25
2118,1,17
2119,3,10
2120,2,23
2121,1,22
2122,3,18
2123,2,14
2124,2,15
2125,3,17
2126,4,20
2127,5,12
2128,3,23
2129,1,13
2130,1,14
2131,2,10
2132,1,25
2133,4,22
2134,5,18
2135,2,18
2136,3,20
2137,5,16
2138,5,13
2139,4,10
2140,5,19
2141,4,25
2142,3,13
2143,3,18
2144,3,20
2145,2,12
2146,3,11
2147,3,11
2148,3,19
2149,1,18
2150,1,18
2151,3,16
2152,5,25
2153,3,24
2154,4,24
2155,5,18
2156,3,24
2157,5,18
2158,1,14
2159,3,21
2160,3,11
2161,5,12
2162,2,21
2163,1,24
2164,1,15
2165,5,16
2166,3,21
2167,1,25
2168,2,12
2169,2,17
2170,2,20
2171,5,22
2172,5,17
2173,1,17
2174,1,17
2175,3,24
2176,4,19
2177,4,11
2178,1,10
2179,4,25
2180,5,22
2181,1,12
2182,5,23
2183,1,11
2184,5,13
2185,5,18
2186,3,21
2187,3,24
2188,1,16
2189,1,20
2190,5,10
2191,4,12
2192,5,14
2193,4,12
2194,5,19
2195,3,10
2196,1,24
2197,2,12
2198,3,24
2199,3,17
2200,4,21
2201,3,21
2202,5,14
2203,1,16
2204,4,18
2205,2,22
2206,4,19
2207,1,20
2208,1,20
2209,1,21
2210,4,11
2211,4,12
2212,2,10
2213,1,12
2214,5,11
2215,4,17
2216,3,17
2217,3,21
2218,3,20
2219,1,20
2220,5,20
2221,5,19
2222,1,16
2223,4,13
2224,5,15
2225,3,14
2226,3,22
2227,2,11
2228,1,17
2229,3,25
2230,4,15
2231,1,20
2232,5,15
2233,1,14
2234,4,14
2235,2,19
2236,1,13
2237,5,17
2238,1,16
2239,2,21
2240,4,16
2241,2,15
2242,4,20
2243,2,13
2244,5,14
2245,1,18
2246,5,20
2247,3,12
2248,4,12
2249,3,21
2250,5,16
2251,4,24
2252,3,17
2253,5,22
2254,4,17
2255,4,17
2256,5,12
2257,1,21
2258,3,12
2259,2,23
2260,4,16
2261,1,10
2262,3,21
2263,5,21
2264,2,25
2265,5,14
2266,3,20
2267,5,21
2268,5,22
2269,2,10
2270,5,25
2271,4,13
2272,5,25
2273,2,20
2274,1,12
2275,3,24
2276,1,14
2277,5,14
2278,5,12
2279,5,21
2280,5,12
2281,1,20
2282,5,11
2283,2,11
2284,5,21
2285,2,22
2286,1,25
2287,5,14
2288,2,15
2289,2,19
2290,3,16
2291,5,17
2292,2,17
2293,1,12
2294,4,11
2295,2,16
2296,4,18
2297,2,22
2298,4,11
2299,4,11
2300,1,16
2301,5,21
2302,3,13
2303,5,22
2304,2,16
2305,1,21
2306,2,24
2307,5,13
2308,1,23
2309,3,14
2310,4,21
2311,3,13
2312,3,25
2313,5,23
2314,2,12
2315,4,23
2316,1,20
2317,5,18
2318,3,10
2319,3,14
2320,4,20
2321,3,14
2322,5,13
2323,1,21
2324,3,21
2325,2,23
2326,1,17
2327,1,15
2328,4,18
2329,5,10
2330,4,21
2331,1,20
2332,3,24
2333,5,25
2334,3,24
2335,1,20
2336,3,18
2337,3,22
2338,4,21
2339,3,18
2340,5,22
2341,2,17
2342,5,10
2343,4,11
2344,4,20
2345,3,12
2346,3,24
2347,4,12
2348,1,10
2349,4,24
2350,4,23
2351,1,13
2352,5,13
2353,1,15
2354,4,23
2355,1,14
2356,1,20
2357,4,18
2358,3,21
2359,4,25
2360,4,15
2361,4,22
2362,4,15
2363,5,22
2364,5,12
2365,4,10
2366,1,20
2367,2,22
2368,3,23
2369,2,13
2370,3,12
2371,5,16
2372,3,22
2373,5,24
2374,3,16
2375,2,12
2376,5,11
2377,4,23
2378,1,24
2379,3,20
2380,1,23
2381,4,21
2382,1,19
2383,2,18
2384,2,12
2385,2,14
2386,3,14
2387,3,23
2388,4,12
2389,5,13
2390,5,17
2391,3,22
2392,5,20
2393,3,18
2394,1,10
2395,5,15
2396,3,22
2397,5,14
2398,3,12
2399,2,11
2400,1,10
2401,2,15
2402,4,18
2403,5,13
2404,4,19
2405,2,21
2406,5,17
2407,4,17
2408,5,25
2409,5,20
2410,3,13
2411,2,11
2412,2,21
2413,1,22
2414,1,14
2415,3,20
2416,3,14
2417,4,10
2418,1,19
2419,3,20
2420,5,11
2421,2,17
2422,2,11
2423,2,12
2424,1,12
2425,2,25
2426,4,12
2427,5,19
2428,2,16
2429,5,17
2430,3,23
2431,2,16
2432,1,19
2433,4,24
2434,1,13
2435,4,18
2436,1,10
2437,3,18
2438,4,23
2439,5,16
2440,2,25
2441,3,22
2442,1,15
2443,5,18
2444,3,21
2445,2,13
2446,1,14
2447,2,16
2448,3,14
2449,3,10
2450,5,18
2451,4,23
2452,2,16
2453,4,12
2454,5,10
2455,4,24
2456,4,24
2457,3,11
2458,4,19
2459,2,22
2460,2,10
2461,4,11
2462,5,12
2463,3,13
2464,3,11
2465,2,14
2466,4,21
2467,2,10
2468,1,21
2469,3,21
2470,2,22
2471,2,10
2472,4,24
2473,3,19
2474,2,12
2475,4,13
2476,4,12
2477,5,11
2478,2,12
2479,1,24
2480,2,19
2481,3,19
2482,2,25
2483,2,14
2484,5,11
2485,1,20
2486,1,23
2487,4,22
2488,4,12
2489,5,20
2490,3,22
2491,2,15
2492,1,12
2493,4,16
2494,3,22
2495,1,15
2496,2,22
2497,2,19
2498,2,17
2499,2,18
2500,4,23
2501,1,18
2502,5,19
2503,4,17
2504,1,19
2505,3,14
2506,5,14
2507,4,15
2508,1,13
2509,5,24
2510,3,18
2511,3,15
2512,1,25
2513,3,16
2514,5,23
2515,5,24
2516,5,24
2517,5,10
2518,3,15
2519,5,11
2520,1,13
2521,4,17
2522,1,22
2523,4,17
2524,4,15
2525,2,14
2526,3,11
2527,2,14
2528,4,15
2529,2,23
2530,3,18
2531,5,19
2532,3,22
2533,4,20
2534,3,19
2535,4,22
2536,2,12
2537,1,15
2538,4,13
2539,5,20
2540,5,12
2541,2,14
2542,2,22
2543,4,11
2544,2,20
2545,5,10
2546,4,20
2547,2,21
2548,1,18
2549,3,16
2550,1,11
2551,1,18
2552,4,16
2553,4,13
2554,1,11
2555,3,18
2556,2,17
2557,4,12
2558,3,20
2559,3,10
2560,5,24
2561,1,11
2562,5,13
2563,3,21
2564,5,12
2565,1,11
2566,4,24
2567,4,24
2568,2,24
2569,3,21
2570,2,18
2571,1,13
2572,1,18
2573,3,18
2574,4,22
2575,1,17
2576,5,11
2577,5,10
2578,4,12
2579,4,23
2580,3,21
2581,5,10
2582,2,21
2583,4,12
2584,3,14
2585,5,16
2586,2,18
2587,3,13
2588,1,12
2589,5,22
2590,4,25
2591,1,19
2592,1,20
2593,3,18
2594,3,10
2595,2,20
2596,4,19
2597,5,22
2598,3,20
2599,4,18
2600,3,10
2601,4,14
2602,2,10
2603,5,19
2604,2,16
2605,5,25
2606,4,22
2607,1,19
2608,2,23
2609,5,19
2610,4,25
2611,3,24
2612,5,16
2613,2,16
2614,5,21
2615,2,14
2616,4,18
2617,3,15
2618,3,23
2619,3,22
2620,3,19
2621,2,25
2622,3,21
2623,1,15
2624,1,23
2625,5,11
2626,2,25
2627,5,18
2628,5,18
2629,5,10
2630,3,13
2631,2,18
2632,5,17
2633,4,19
2634,1,21
2635,4,10
2636,4,21
2637,1,13
2638,2,22
2639,5,10
2640,5,19
2641,4,15
2642,1,24
2643,2,18
2644,4,19
2645,1,22
2646,2,13
2647,2,10
2648,2,10
2649,1,10
2650,1,15
2651,5,24
2652,4,10
2653,3,17
2654,5,11
2655,4,15
2656,2,10
2657,5,12
2658,3,18
2659,5,17
2660,4,10
2661,4,20
2662,5,25
2663,3,23
2664,1,10
2665,4,20
2666,4,21
2667,3,25
2668,4,12
2669,5,16
2670,4,10
2671,1,21
2672,2,18
2673,2,23
2674,2,15
2675,5,10
2676,1,22
2677,5,17
2678,3,17
2679,4,13
2680,3,23
2681,2,14
2682,3,15
2683,3,14
2684,4,25
2685,2,17
2686,5,21
2687,1,13
2688,2,16
2689,2,22
2690,5,18
2691,2,16
2692,1,14
2693,2,10
2694,5,21
2695,1,10
2696,2,10
2697,1,16
2698,1,13
2699,2,16
2700,3,11
2701,4,21
2702,1,17
2703,5,20
2704,4,22
2705,2,20
2706,3,16
2707,5,10
2708,3,24
2709,2,19
2710,1,18
2711,1,10
2712,3,11
2713,2,10
2714,4,11
2715,5,18
2716,4,11
2717,2,19
2718,3,12
2719,5,13
2720,5,21
2721,2,16
2722,1,23
2723,5,22
2724,3,21
2725,4,19
2726,2,19
2727,2,13
2728,3,19
2729,2,22
2730,5,22
2731,4,18
2732,1,15
2733,5,18
2734,3,20
2735,1,17
2736,4,13
2737,4,21
2738,4,10
2739,2,10
2740,2,12
2741,3,20
2742,5,25
2743,4,21
2744,2,23
2745,4,14
2746,4,22
2747,3,12
2748,3,23
2749,5,13
2750,1,16
2751,4,10
2752,3,23
2753,2,22
2754,4,23
2755,2,11
2756,4,19
2757,2,16
2758,5,14
2759,4,12
2760,4,23
2761,5,21
2762,4,25
2763,3,17
2764,5,10
2765,4,16
2766,3,11
2767,3,12
2768,3,22
2769,4,16
2770,2,25
2771,3,15
2772,5,20
2773,3,24
2774,3,10
2775,4,13
2776,3,22
2777,1,15
2778,4,13
2779,2,12
2780,2,23
2781,3,22
2782,3,10
2783,1,20
2784,5,14
2785,5,19
2786,3,11
2787,4,10
2788,4,13
2789,4,23
2790,2,19
2791,1,11
2792,1,21
2793,1,18
2794,1,19
2795,5,25
2796,3,10
2797,4,10
2798,4,14
2799,4,10
2800,3,24
2801,1,16
2802,1,22
2803,4,12
2804,4,16
2805,3,20
2806,2,11
2807,2,15
2808,2,15
2809,2,11
2810,3,18
2811,5,17
2812,3,24
2813,2,16
2814,1,23
2815,5,21
2816,5,21
2817,5,17
2818,5,22
2819,2,22
2820,3,23
2821,3,18
2822,4,11
2823,5,16
2824,5,19
2825,1,16
2826,5,20
2827,1,13
2828,4,22
2829,4,17
2830,4,16
2831,4,15
2832,5,10
2833,5,20
2834,1,24
2835,3,15
2836,2,12
2837,4,21
2838,2,25
2839,1,12
2840,1,23
2841,4,16
2842,5,21
2843,2,24
2844,1,17
2845,3,16
2846,1,15
2847,3,21
2848,3,14
2849,3,12
2850,4,21
2851,3,17
2852,3,12
2853,1,16
2854,5,24
2855,4,18
2856,4,10
2857,2,10
2858,4,16
2859,5,13
2860,4,17
2861,1,17
2862,2,13
2863,1,10
2864,5,13
2865,1,22
2866,5,11
2867,4,19
2868,4,21
2869,5,18
2870,2,15
2871,3,18
2872,2,25
2873,2,10
2874,2,14
2875,3,19
2876,1,12
2877,3,12
2878,3,14
2879,1,25
2880,4,17
2881,1,24
2882,5,22
2883,4,25
2884,4,13
2885,2,17
2886,3,22
2887,1,25
2888,5,11
2889,2,14
2890,3,18
2891,4,21
2892,4,24
2893,4,18
2894,1,22
2895,5,17
2896,3,17
2897,3,25
2898,3,12
2899,3,15
2900,2,19
2901,3,25
2902,3,21
2903,1,20
2904,1,24
2905,2,18
2906,5,24
2907,2,19
2908,2,20
2909,1,18
2910,5,14
2911,3,18
2912,2,11
2913,5,10
2914,4,25
2915,5,14
2916,4,19
2917,3,19
2918,4,10
2919,1,13
2920,4,13
2921,4,16
2922,4,12
2923,3,19
2924,2,17
2925,2,18
2926,2,21
2927,1,20
2928,4,17
2929,5,20
2930,1,19
2931,2,17
2932,4,13
2933,1,21
2934,2,16
2935,4,13
2936,5,22
2937,5,10
2938,4,23
2939,3,19
2940,5,12
2941,4,19
2942,3,25
2943,2,24
2944,3,23
2945,2,21
2946,1,16
2947,2,15
2948,1,22
2949,5,13
2950,1,20
2951,4,17
2952,1,15
2953,2,25
2954,3,17
2955,5,12
2956,4,20
2957,1,23
2958,5,22
2959,3,24
2960,1,14
2961,1,22
2962,2,11
2963,5,16
2964,2,11
2965,4,24
2966,1,16
2967,4,15
2968,3,10
2969,2,17
2970,5,22
2971,1,13
2972,3,23
2973,4,19
2974,4,25
2975,5,17
2976,3,25
2977,3,14
2978,3,24
2979,3,18
2980,1,23
2981,5,19
2982,1,19
2983,1,10
2984,1,10
2985,3,25
2986,1,21
2987,3,18
2988,5,21
2989,4,22
2990,5,25
2991,1,19
2992,1,13
2993,4,12
2994,4,24
2995,5,25
2996,2,23
2997,3,15
2998,5,23
2999,2,11
3000,3,21
3001,2,22
3002,1,20
3003,3,12
3004,1,20
3005,1,15
3006,5,15
3007,5,15
3008,5,11
3009,1,12
3010,5,25
3011,2,25
3012,5,18
3013,1,16
3014,5,21
3015,5,11
3016,3,13
3017,1,17
3018,1,14
3019,5,10
3020,4,25
3021,3,15
3022,2,21
3023,5,22
3024,5,24
3025,2,13
3026,5,17
3027,5,12
3028,2,25
3029,2,23
3030,1,23
3031,5,17
3032,3,10
3033,4,13
3034,1,15
3035,5,13
3036,3,15
3037,5,14
3038,4,21
3039,5,11
3040,2,21
3041,3,18
3042,1,24
3043,3,23
3044,4,14
3045,5,16
3046,1,22
3047,4,18
3048,4,12
3049,5,24
3050,2,22
3051,2,24
3052,2,15
3053,1,14
3054,5,14
3055,5,23
3056,2,13
3057,4,20
3058,5,22
3059,2,19
3060,5,13
3061,5,25
3062,5,12
3063,1,16
3064,5,22
3065,3,21
3066,5,13
3067,4,11
3068,1,18
3069,5,17
3070,5,21
3071,5,15
3072,1,10
3073,1,20
3074,5,18
3075,5,15
3076,3,15
3077,5,11
3078,4,15
3079,1,21
3080,2,15
3081,3,16
3082,5,24
3083,1,10
3084,5,11
3085,2,25
3086,2,13
3087,1,11
3088,2,22
3089,1,11
3090,2,24
3091,5,12
3092,3,16
3093,2,22
3094,5,24
3095,3,22
3096,3,14
3097,1,10
3098,1,11
3099,4,17
3100,2,13
3101,4,11
3102,5,16
3103,1,17
3104,3,25
3105,1,12
3106,1,15
3107,3,16
3108,1,13
3109,2,10
3110,5,16
3111,4,25
3112,1,17
3113,5,14
3114,3,15
3115,3,22
3116,3,24
3117,5,12
3118,2,15
3119,2,20
3120,5,20
3121,4,19
3122,1,16
3123,5,22
3124,3,19
3125,2,25
3126,4,16
3127,5,20
3128,4,16
3129,2,10
3130,3,13
3131,5,15
3132,2,22
3133,5,19
3134,4,25
3135,4,11
3136,4,22
3137,3,20
3138,1,20
3139,3,20
3140,5,20
3141,1,15
3142,3,25
3143,5,19
3144,5,10
3145,1,13
3146,4,19
3147,1,12
3148,3,23
3149,2,21
3150,1,25
3151,5,17
3152,5,13
3153,1,20
3154,3,25
3155,2,16
3156,2,24
3157,4,14
3158,1,15
3159,1,22
3160,5,23
3161,1,14
3162,2,21
3163,5,14
3164,1,18
3165,3,16
3166,3,21
3167,1,23
3168,2,18
3169,5,10
3170,2,24
3171,4,25
3172,2,21
3173,2,20
3174,5,15
3175,3,15
3176,5,25
3177,4,23
3178,3,10
3179,3,23
3180,1,25
3181,4,10
3182,4,22
3183,4,16
3184,3,25
3185,1,24
3186,2,11
3187,2,22
3188,1,18
3189,2,13
3190,4,17
3191,2,17
3192,1,15
3193,5,16
3194,3,19
3195,2,16
3196,3,15
3197,1,10
3198,2,23
3199,4,19
3200,3,18
3201,2,17
3202,1,21
3203,3,12
3204,1,24
3205,4,21
3206,5,11
3207,1,18
3208,3,11
3209,5,16
3210,5,19
3211,3,21
3212,3,17
3213,2,16
3214,4,10
3215,1,16
3216,4,14
3217,4,14
3218,1,10
3219,4,13
3220,3,25
3221,4,19
3222,3,19
3223,2,10
3224,4,25
3225,4,21
3226,1,14
3227,2,24
3228,4,19
3229,3,13
3230,3,17
3231,3,13
3232,5,19
3233,3,12
3234,4,21
3235,3,16
3236,3,20
3237,4,16
3238,1,19
3239,3,19
3240,5,17
3241,2,15
3242,1,19
3243,2,20
3244,4,16
3245,4,15
3246,4,15
3247,3,24
3248,2,22
3249,2,12
3250,1,22
3251,5,12
3252,1,19
3253,2,16
3254,2,11
3255,2,25
3256,3,16
3257,3,13
3258,5,21
3259,1,10
3260,3,15
3261,4,17
3262,2,10
3263,1,24
3264,2,11
3265,1,15
3266,2,22
3267,2,24
3268,5,10
3269,1,11
3270,2,13
3271,4,21
3272,1,13
3273,3,16
3274,4,11
3275,2,12
3276,5,10
3277,2,15
3278,5,11
3279,5,15
3280,2,17
3281,3,14
3282,5,17
3283,3,15
3284,4,22
3285,4,24
3286,2,12
3287,5,24
3288,5,18
3289,3,19
3290,3,16
3291,2,10
3292,4,16
3293,5,23
3294,3,19
3295,4,25
3296,5,15
3297,4,15
3298,3,18
3299,4,11
3300,3,10
3301,1,16
3302,2,24
3303,2,21
3304,2,15
3305,3,20
3306,3,18
3307,1,14
3308,5,19
3309,2,11
3310,1,10
3311,1,21
3312,1,17
3313,2,18
3314,4,22
3315,3,11
3316,5,11
3317,3,23
3318,1,25
3319,5,19
3320,4,25
3321,3,15
3322,1,18
3323,4,20
3324,1,15
3325,2,25
3326,4,18
3327,5,18
3328,3,24
3329,2,13
3330,5,17
3331,5,25
3332,2,16
3333,1,25
3334,2,17
3335,4,20
3336,4,11
3337,1,10
3338,3,18
3339,2,24
3340,4,24
3341,3,12
3342,1,17
3343,1,16
3344,4,18
3345,1,24
3346,4,22
3347,2,10
3348,4,10
3349,2,10
3350,1,25
3351,4,25
3352,2,13
3353,5,10
3354,1,22
3355,4,20
3356,5,24
3357,3,14
3358,2,17
3359,1,19
3360,1,23
3361,3,19
3362,2,21
3363,2,10
3364,5,19
3365,3,16
3366,3,22
3367,4,19
3368,4,23
3369,3,20
3370,5,22
3371,5,17
3372,3,19
3373,5,22
3374,2,21
3375,4,16
3376,5,25
3377,5,12
3378,2,24
3379,3,14
3380,3,17
3381,2,22
3382,3,13
3383,5,14
3384,5,12
3385,4,23
3386,2,24
3387,1,22
3388,5,20
3389,4,24
3390,3,16
3391,2,15
3392,5,13
3393,5,18
3394,3,17
3395,5,25
3396,4,18
3397,4,21
3398,4,14
3399,1,10
3400,4,11
3401,2,10
3402,4,24
3403,3,11
3404,3,17
3405,5,13
3406,1,12
3407,3,20
3408,5,11
3409,2,20
3410,4,24
3411,2,24
3412,2,17
3413,5,11
3414,4,19
3415,4,11
3416,4,15
3417,1,13
3418,1,12
3419,5,25
3420,5,25
3421,1,24
3422,2,18
3423,4,23
3424,3,22
3425,4,11
3426,5,23
3427,5,20
3428,1,12
3429,3,12
3430,4,18
3431,1,10
3432,3,12
3433,1,22
3434,3,13
3435,5,17
3436,3,15
3437,5,12
3438,2,21
3439,5,21
3440,4,17
3441,2,21
3442,2,15
3443,5,12
3444,1,13
3445,3,20
3446,4,25
3447,3,25
3448,1,19
3449,4,14
3450,2,19
3451,5,12
3452,4,16
3453,5,24
3454,1,11
3455,2,11
3456,1,15
3457,1,18
3458,4,25
3459,4,17
3460,3,23
3461,5,19
3462,5,14
3463,1,24
3464,1,13
3465,1,10
3466,1,22
3467,3,19
3468,3,12
3469,2,22
3470,4,20
3471,3,25
3472,4,16
3473,4,14
3474,1,10
3475,4,17
3476,3,18
3477,4,11
3478,2,15
3479,3,12
3480,1,12
3481,4,17
3482,2,23
3483,1,10
3484,5,18
3485,3,23
3486,2,15
3487,1,18
3488,4,10
3489,3,10
3490,2,11
3491,4,14
3492,4,12
3493,3,25
3494,1,13
3495,1,20
3496,5,22
3497,4,19
3498,3,16
3499,1,21
3500,4,19
3501,3,23
3502,3,19
3503,5,17
3504,2,20
3505,5,16
3506,4,17
3507,5,24
3508,2,19
3509,3,21
3510,2,10
3511,5,17
3512,2,11
3513,5,23
3514,2,12
3515,1,22
3516,4,12
3517,3,15
3518,1,10
3519,5,21
3520,3,18
3521,2,12
3522,3,22
3523,5,15
3524,3,16
3525,3,13
3526,4,12
3527,5,22
3528,1,24
3529,5,15
3530,1,11
3531,3,20
3532,5,25
3533,3,22
3534,4,11
3535,1,18
3536,5,13
3537,1,15
3538,5,13
3539,4,21
3540,3,12
3541,1,13
3542,5,22
3543,4,12
3544,3,15
3545,4,25
3546,5,21
3547,5,18
3548,5,19
3549,1,12
3550,3,19
3551,5,16
3552,4,15
3553,1,21
3554,4,15
3555,3,12
3556,3,15
3557,5,11
3558,1,16
3559,2,21
3560,3,11
3561,4,19
3562,1,19
3563,2,24
3564,3,20
3565,1,24
3566,5,11
3567,2,25
3568,3,19
3569,2,16
3570,4,17
3571,1,14
3572,4,10
3573,5,23
3574,5,10
3575,1,11
3576,5,17
3577,5,22
3578,4,21
3579,2,18
3580,2,25
3581,4,15
3582,4,24
3583,2,10
3584,4,25
3585,2,19
3586,2,14
3587,5,22
3588,2,23
3589,1,12
3590,5,20
3591,1,23
3592,1,14
3593,5,11
3594,3,14
3595,1,10
3596,5,16
3597,3,25
3598,2,23
3599,3,13
3600,5,21
3601,5,13
3602,3,19
3603,5,13
3604,5,13
3605,3,17
3606,2,16
3607,4,24
3608,1,23
3609,2,11
3610,1,16
3611,4,13
3612,1,19
3613,3,24
3614,4,24
3615,2,16
3616,4,24
3617,5,10
3618,4,10
3619,1,10
3620,3,19
3621,5,16
3622,3,24
3623,1,18
3624,5,10
3625,4,22
3626,3,11
3627,4,16
3628,3,11
3629,4,15
3630,3,19
3631,1,20
3632,5,21
3633,2,24
3634,2,16
3635,1,24
3636,1,23
3637,2,11
3638,2,11
3639,2,23
3640,4,19
3641,5,16
3642,5,13
3643,5,18
3644,4,21
3645,5,16
3646,4,14
3647,5,11
3648,3,20
3649,5,14
3650,2,14
3651,5,24
3652,5,25
3653,5,22
3654,4,17
3655,1,13
3656,5,10
3657,2,20
3658,4,18
3659,1,12
3660,3,19
3661,3,12
3662,3,20
3663,1,22
3664,3,25
3665,1,12
3666,4,19
3667,4,19
3668,4,10
3669,3,18
3670,4,11
3671,3,24
3672,5,18
3673,5,17
3674,3,20
3675,1,22
3676,5,24
3677,3,14
3678,4,16
3679,3,18
3680,3,25
3681,3,15
3682,5,23
3683,3,19
3684,2,13
3685,4,11
3686,1,13
3687,3,20
3688,3,22
3689,1,22
3690,2,18
3691,5,23
3692,3,17
3693,1,20
3694,5,18
3695,3,22
3696,2,10
3697,1,23
3698,1,19
3699,1,19
3700,5,11
3701,2,15
3702,5,25
3703,5,10
3704,5,21
3705,3,10
3706,1,20
3707,4,10
3708,3,17
3709,3,23
3710,1,25
3711,4,21
3712,5,10
3713,2,20
3714,1,20
3715,2,21
3716,1,10
3717,5,20
3718,5,12
3719,4,25
3720,2,19
3721,3,10
3722,4,20
3723,1,15
3724,2,24
3725,1,24
3726,3,19
3727,5,15
3728,3,25
3729,1,16
3730,3,19
3731,5,17
3732,2,11
3733,3,12
3734,5,24
3735,4,20
3736,3,11
3737,5,16
3738,5,17
3739,2,18
3740,3,15
3741,3,21
3742,4,11
3743,5,23
3744,1,11
3745,1,19
3746,5,15
3747,5,14
3748,3,11
3749,5,13
3750,3,11
3751,2,19
3752,3,16
3753,1,15
3754,1,12
3755,3,10
3756,5,21
3757,5,13
3758,1,22
3759,3,13
3760,1,13
3761,3,18
3762,4,15
3763,4,11
3764,3,23
3765,2,10
3766,1,17
3767,3,25
3768,2,12
3769,5,12
3770,5,11
3771,2,19
3772,5,25
3773,5,13
3774,2,17
3775,4,10
3776,3,11
3777,2,15
3778,3,17
3779,2,20
3780,4,23
3781,1,15
3782,1,18
3783,3,13
3784,1,11
3785,2,19
3786,1,20
3787,3,17
3788,4,24
3789,5,24
3790,2,25
3791,3,16
3792,5,15
3793,4,13
3794,2,19
3795,3,10
3796,4,11
3797,4,23
3798,2,10
3799,1,24
3800,1,19
3801,4,12
3802,5,12
3803,1,10
3804,2,13
3805,5,16
3806,3,18
3807,3,24
3808,1,19
3809,5,25
3810,1,24
3811,3,15
3812,4,11
3813,1,14
3814,5,13
3815,4,17
3816,1,13
3817,3,23
3818,4,11
3819,1,10
3820,5,13
3821,5,11
3822,2,18
3823,2,23
3824,4,14
3825,5,20
3826,5,20
3827,4,19
3828,2,20
3829,4,10
3830,4,22
3831,3,22
3832,4,12
3833,2,16
3834,1,13
3835,5,25
3836,1,22
3837,4,15
3838,2,24
3839,2,17
3840,5,22
3841,5,11
3842,5,23
3843,3,20
3844,2,20
3845,2,11
3846,4,10
3847,4,15
3848,3,24
3849,5,17
3850,1,18
3851,1,10
3852,5,18
3853,2,17
3854,4,19
3855,5,23
3856,3,15
3857,5,24
3858,1,20
3859,1,16
3860,1,18
3861,2,11
3862,5,19
3863,3,23
3864,4,12
3865,3,20
3866,1,11
3867,3,20
3868,5,14
3869,2,17
3870,4,16
3871,2,13
3872,1,20
3873,1,10
3874,1,12
3875,4,15
3876,3,22
3877,2,14
3878,5,24
3879,2,12
3880,1,18
3881,3,15
3882,1,23
3883,3,13
3884,2,13
3885,5,17
3886,1,20
3887,5,16
3888,3,11
3889,3,20
3890,5,23
3891,5,15
3892,2,22
3893,5,23
3894,2,10
3895,4,15
3896,5,20
3897,2,21
3898,1,19
3899,2,25
3900,5,15
3901,1,25
3902,3,23
3903,4,17
3904,3,14
3905,2,19
3906,2,24
3907,2,23
3908,1,24
3909,1,25
3910,3,25
3911,3,20
3912,1,21
3913,1,17
3914,5,21
3915,3,16
3916,4,14
3917,2,16
3918,2,22
3919,4,12
3920,3,11
3921,2,15
3922,2,22
3923,4,11
3924,5,11
3925,1,15
3926,2,17
3927,1,24
3928,2,14
3929,2,22
3930,5,15
3931,2,13
3932,5,21
3933,3,19
3934,3,19
3935,2,17
3936,2,16
3937,4,25
3938,2,15
3939,5,16
3940,2,11
3941,2,11
3942,3,18
3943,1,20
3944,1,17
3945,2,21
3946,2,11
3947,4,25
3948,2,21
3949,1,22
3950,2,22
3951,2,24
3952,3,10
3953,1,10
3954,4,21
3955,2,25
3956,5,22
3957,5,22
3958,2,14
3959,3,24
3960,2,25
3961,4,14
3962,4,21
3963,5,20
3964,2,10
3965,4,19
3966,5,15
3967,5,22
3968,3,20
3969,1,20
3970,5,24
3971,5,17
3972,5,24
3973,3,20
3974,1,25
3975,5,24
3976,2,20
3977,3,24
3978,2,12
3979,4,24
3980,4,14
3981,4,18
3982,3,25
3983,3,21
3984,5,18
3985,5,11
3986,4,19
3987,2,12
3988,1,24
3989,3,23
3990,5,13
3991,1,17
3992,2,11
3993,4,23
3994,5,19
3995,1,21
3996,1,12
3997,3,14
3998,4,10
3999,5,23
4000,1,18
4001,5,19
4002,4,14
4003,5,19
4004,3,12
4005,2,12
4006,2,18
4007,4,17
4008,3,20
4009,1,20
4010,3,13
4011,2,14
4012,3,18
4013,1,15
4014,2,12
4015,5,12
4016,1,14
4017,5,14
4018,4,18
4019,3,12
4020,3,15
4021,3,22
4022,4,22
4023,2,25
4024,3,20
4025,2,23
4026,5,12
4027,5,23
4028,4,19
4029,3,21
4030,3,22
4031,5,23
4032,1,14
4033,1,18
4034,2,22
4035,4,25
4036,5,23
4037,4,16
4038,5,17
4039,3,10
4040,4,16
4041,2,23
4042,1,24
4043,5,16
4044,1,10
4045,5,21
4046,4,16
4047,1,11
4048,5,20
4049,5,23
4050,1,22
4051,2,21
4052,4,23
4053,2,18
4054,1,19
4055,2,11
4056,5,18
4057,3,14
4058,4,17
4059,3,18
4060,5,12
4061,3,21
4062,1,20
4063,4,15
4064,3,17
4065,5,17
4066,2,21
4067,3,20
4068,2,24
4069,5,23
4070,4,19
4071,3,23
4072,5,23
4073,2,14
4074,3,13
4075,3,22
4076,4,24
4077,1,10
4078,3,23
4079,1,14
4080,1,18
4081,5,17
4082,5,25
4083,1,20
4084,1,15
4085,5,12
4086,4,16
4087,2,24
4088,3,13
4089,3,10
4090,5,13
4091,5,24
4092,5,13
4093,5,20
4094,1,15
4095,3,14
4096,5,20
4097,5,22
4098,3,22
4099,2,20
4100,3,11
4101,5,18
4102,2,13
4103,2,25
4104,3,19
4105,3,14
4106,2,15
4107,3,19
4108,3,22
4109,5,23
4110,2,10
4111,5,11
4112,2,14
4113,3,20
4114,5,19
4115,2,17
4116,3,16
4117,2,16
4118,1,23
4119,2,19
4120,4,22
4121,2,20
4122,1,12
4123,5,20
4124,5,23
4125,5,15
4126,5,17
4127,1,25
4128,5,16
4129,4,20
4130,4,25
4131,3,16
4132,5,13
4133,4,21
4134,5,18
4135,1,25
4136,4,22
4137,5,15
4138,5,19
4139,5,23
4140,1,21
4141,3,15
4142,3,18
4143,4,19
4144,2,16
4145,1,11
4146,2,14
4147,3,13
4148,5,13
4149,4,17
4150,2,13
4151,1,13
4152,1,16
4153,1,18
4154,5,21
4155,5,21
4156,2,17
4157,5,13
4158,5,10
4159,3,10
4160,1,16
4161,1,20
4162,4,10
4163,3,24
4164,2,12
4165,2,10
4166,3,20
4167,1,12
4168,4,14
4169,4,19
4170,3,23
4171,3,18
4172,2,11
4173,3,10
4174,2,19
4175,4,14
4176,5,14
4177,5,10
4178,3,16
4179,3,22
4180,3,18
4181,3,18
4182,5,16
4183,2,19
4184,2,24
4185,5,10
4186,5,14
4187,3,25
4188,4,20
4189,2,13
4190,3,15
4191,1,14
4192,3,16
4193,3,15
4194,1,21
4195,3,16
4196,3,23
4197,4,25
4198,2,19
4199,5,13
4200,2,19
4201,4,12
4202,4,16
4203,5,24
4204,2,19
4205,5,25
4206,1,17
4207,4,20
4208,2,23
4209,4,23
4210,5,19
4211,2,19
4212,5,12
4213,2,12
4214,2,21
4215,2,11
4216,5,16
4217,5,17
4218,3,16
4219,1,18
4220,4,21
4221,1,15
4222,1,24
4223,2,17
4224,4,19
4225,4,21
4226,4,11
4227,1,12
4228,1,14
4229,3,14
4230,3,22
4231,2,12
4232,3,18
4233,4,25
4234,3,25
4235,5,20
4236,2,11
4237,3,13
4238,1,14
4239,2,22
4240,2,18
4241,1,13
4242,3,20
4243,1,18
4244,1,14
4245,4,18
4246,4,14
4247,5,22
4248,2,16
4249,3,13
4250,4,23
4251,5,14
4252,2,13
4253,3,24
4254,5,19
4255,4,13
4256,4,23
4257,5,23
4258,2,25
4259,1,24
4260,2,18
4261,1,14
4262,1,14
4263,5,13
4264,5,23
4265,1,14
4266,4,20
4267,4,18
4268,5,22
4269,3,21
4270,1,21
4271,2,21
4272,1,19
4273,5,25
4274,5,14
4275,3,17
4276,5,16
4277,3,14
4278,1,19
4279,2,13
4280,1,16
4281,5,23
4282,5,19
4283,5,13
4284,4,22
4285,2,20
4286,3,23
4287,3,20
4288,2,22
4289,4,24
4290,5,18
4291,2,18
4292,3,23
4293,3,10
4294,4,15
4295,3,23
4296,5,17
4297,4,12
4298,3,22
4299,3,10
4300,4,20
4301,5,12
4302,4,21
4303,5,12
4304,3,24
4305,2,13
4306,5,22
4307,5,14
4308,5,13
4309,3,16
4310,2,21
4311,1,18
4312,3,11
4313,2,15
4314,4,25
4315,2,20
4316,5,12
4317,1,21
4318,2,19
4319,2,11
4320,2,18
4321,2,19
4322,4,13
4323,2,15
4324,4,10
4325,5,19
4326,4,17
4327,3,23
4328,2,14
4329,2,19
4330,1,23
4331,3,19
4332,3,20
4333,5,13
4334,3,18
4335,2,13
4336,2,12
4337,2,15
4338,5,18
4339,2,17
4340,1,22
4341,3,12
4342,1,21
4343,3,14
4344,1,25
4345,2,21
4346,5,24
4347,4,12
4348,2,11
4349,5,19
4350,4,11
4351,1,18
4352,5,18
4353,5,25
4354,3,19
4355,3,10
4356,2,16
4357,5,18
4358,3,14
4359,2,15
4360,4,16
4361,4,19
4362,5,11
4363,1,12
4364,4,20
4365,1,23
4366,2,21
4367,2,17
4368,5,24
4369,5,11
4370,4,15
4371,1,20
4372,3,19
4373,3,12
4374,2,20
4375,5,14
4376,2,17
4377,2,23
4378,4,18
4379,4,25
4380,5,12
4381,3,24
4382,4,12
4383,1,21
4384,4,10
4385,5,16
4386,2,25
4387,4,23
4388,2,15
4389,2,10
4390,3,12
4391,3,13
4392,1,20
4393,4,24
4394,3,18
4395,5,15
4396,4,14
4397,5,10
4398,1,24
4399,5,20
4400,5,21
4401,4,18
4402,5,25
4403,5,25
4404,1,10
4405,1,24
4406,2,21
4407,3,25
4408,4,24
4409,5,12
4410,2,13
4411,1,17
4412,1,13
4413,3,10
4414,5,24
4415,1,11
4416,1,15
4417,5,13
4418,2,19
4419,5,14
4420,4,11
4421,1,24
4422,1,12
4423,4,21
4424,4,14
4425,4,23
4426,1,22
4427,2,21
4428,5,15
4429,3,12
4430,4,20
4431,1,16
4432,5,18
4433,3,17
4434,5,22
4435,5,13
4436,1,15
4437,5,19
4438,1,12
4439,3,11
4440,2,16
4441,1,25
4442,3,24
4443,4,14
4444,2,12
4445,5,18
4446,4,15
4447,4,24
4448,2,24
4449,3,18
4450,2,25
4451,1,11
4452,5,20
4453,5,23
4454,1,21
4455,2,13
4456,3,15
4457,1,13
4458,5,25
4459,2,19
4460,4,11
4461,5,19
4462,5,15
4463,2,22
4464,5,19
4465,2,20
4466,3,11
4467,2,16
4468,1,25
4469,2,12
4470,3,13
4471,3,21
4472,2,23
4473,1,19
4474,2,17
4475,2,19
4476,5,23
4477,4,20
4478,5,22
4479,1,24
4480,4,14
4481,4,17
4482,3,24
4483,5,11
4484,5,25
4485,5,15
4486,5,13
4487,1,23
4488,1,18
4489,4,18
4490,1,18
4491,4,11
4492,3,17
4493,5,19
4494,5,25
4495,4,12
4496,5,20
4497,2,20
4498,3,11
4499,3,21
4500,5,22
4501,5,15
4502,4,20
4503,3,20
4504,1,16
4505,1,10
4506,5,24
4507,5,21
4508,5,16
4509,3,13
4510,1,23
4511,1,12
4512,3,24
4513,5,14
4514,3,22
4515,4,18
4516,2,21
4517,3,22
4518,2,20
4519,5,16
4520,2,20
4521,2,19
4522,5,24
4523,3,19
4524,1,14
4525,5,10
4526,3,20
4527,4,15
4528,4,14
4529,5,14
4530,4,15
4531,3,17
4532,1,23
4533,2,16
4534,1,23
4535,5,16
4536,2,20
4537,3,16
4538,3,10
4539,3,21
4540,4,17
4541,5,12
4542,2,15
4543,2,24
4544,2,13
4545,3,16
4546,3,24
4547,3,23
4548,2,18
4549,4,15
4550,1,17
4551,5,22
4552,2,24
4553,5,23
4554,4,14
4555,4,25
4556,5,12
4557,3,12
4558,3,10
4559,3,15
4560,4,16
4561,4,23
4562,5,20
4563,4,23
4564,1,13
4565,2,19
4566,3,16
4567,4,17
4568,3,12
4569,2,16
4570,2,10
4571,4,17
4572,1,25
4573,2,18
4574,5,23
4575,2,15
4576,4,19
4577,4,21
4578,5,10
4579,5,25
4580,2,13
4581,4,19
4582,1,25
4583,4,24
4584,3,21
4585,2,18
4586,3,11
4587,3,13
4588,2,23
4589,4,11
4590,5,16
4591,2,20
4592,5,17
4593,5,22
4594,5,20
4595,2,18
4596,4,22
4597,5,20
4598,5,18
4599,1,18
4600,4,12
4601,1,19
4602,1,25
4603,1,20
4604,1,20
4605,3,14
4606,1,20
4607,2,24
4608,2,14
4609,4,20
4610,2,18
4611,4,19
4612,5,23
4613,5,15
4614,2,21
4615,1,16
4616,5,19
4617,5,10
4618,2,16
4619,4,17
4620,1,20
4621,1,11
4622,1,10
4623,4,25
4624,3,23
4625,1,18
4626,2,15
4627,2,10
4628,5,24
4629,3,22
4630,2,22
4631,3,14
4632,2,19
4633,4,12
4634,2,11
4635,5,10
4636,3,24
4637,5,22
4638,3,14
4639,4,11
4640,1,25
4641,1,11
4642,1,11
4643,1,16
4644,3,21
4645,3,18
4646,4,21
4647,3,22
4648,1,25
4649,2,23
4650,2,25
4651,3,21
4652,3,19
4653,4,22
4654,5,16
4655,2,22
4656,3,22
4657,4,25
4658,2,18
4659,1,14
4660,3,11
4661,1,14
4662,3,25
4663,5,18
4664,3,10
4665,2,25
4666,3,23
4667,1,16
4668,3,22
4669,5,18
4670,3,23
4671,1,25
4672,4,22
4673,4,15
4674,4,22
4675,2,20
4676,5,15
4677,3,21
4678,5,19
4679,5,12
4680,2,22
4681,3,17
4682,3,12
4683,3,14
4684,1,20
4685,5,23
4686,3,24
4687,5,17
4688,5,23
4689,2,24
4690,1,23
4691,4,20
4692,4,25
4693,5,18
4694,2,20
4695,5,25
4696,5,20
4697,1,18
4698,1,14
4699,5,24
4700,5,21
4701,5,15
4702,3,21
4703,5,11
4704,2,22
4705,3,24
4706,5,20
4707,2,15
4708,3,21
4709,5,20
4710,1,17
4711,1,11
4712,3,22
4713,4,23
4714,1,24
4715,1,21
4716,4,17
4717,4,11
4718,2,24
4719,3,23
4720,1,25
4721,2,21
4722,3,16
4723,2,25
4724,1,18
4725,2,11
4726,1,11
4727,5,21
4728,5,15
4729,2,16
4730,1,12
4731,5,20
4732,5,25
4733,2,10
4734,5,23
4735,1,13
4736,2,11
4737,2,23
4738,2,21
4739,2,16
4740,4,21
4741,3,20
4742,3,24
4743,4,24
4744,4,22
4745,4,16
4746,4,25
4747,4,18
4748,1,14
4749,4,23
4750,3,13
4751,5,17
4752,3,13
4753,2,21
4754,2,11
4755,4,17
4756,5,21
4757,5,24
4758,5,19
4759,5,15
4760,1,14
4761,1,12
4762,1,11
4763,5,20
4764,1,14
4765,1,25
4766,2,25
4767,1,17
4768,1,16
4769,3,25
4770,1,16
4771,3,14
4772,4,13
4773,2,14
4774,2,10
4775,5,13
4776,4,17
4777,1,12
4778,5,15
4779,2,22
4780,1,10
4781,3,22
4782,1,21
4783,2,14
4784,1,22
4785,3,13
4786,4,10
4787,3,14
4788,4,13
4789,1,16
4790,3,21
4791,2,23
4792,5,15
4793,5,24
4794,4,15
4795,4,11
4796,3,14
4797,3,19
4798,5,24
4799,3,12
4800,4,13
4801,2,18
4802,3,11
4803,2,18
4804,2,24
4805,3,21
4806,5,14
4807,4,22
4808,4,13
4809,5,19
4810,5,16
4811,5,24
4812,2,13
4813,2,19
4814,4,19
4815,4,21
4816,1,22
4817,2,18
4818,3,21
4819,5,24
4820,1,24
4821,2,13
4822,3,23
4823,4,12
4824,3,14
4825,5,13
4826,1,19
4827,3,14
4828,1,20
4829,4,24
4830,3,18
4831,5,14
4832,5,24
4833,2,15
4834,4,11
4835,5,25
4836,4,15
4837,2,18
4838,3,14
4839,1,14
4840,3,18
4841,4,17
4842,3,21
4843,1,23
4844,3,25
4845,3,18
4846,1,24
4847,3,25
4848,2,25
4849,1,12
4850,2,18
4851,2,13
4852,3,19
4853,4,24
4854,3,19
4855,3,23
4856,3,18
4857,3,13
4858,5,13
4859,2,17
4860,5,13
4861,5,13
4862,2,13
4863,5,24
4864,4,23
4865,1,11
4866,3,11
4867,3,13
4868,1,12
4869,2,10
4870,4,17
4871,3,19
4872,4,11
4873,4,21
4874,3,10
4875,5,19
4876,5,23
4877,1,24
4878,3,13
4879,3,11
4880,2,22
4881,5,20
4882,5,25
4883,2,17
4884,1,10
4885,1,24
4886,1,18
4887,5,25
4888,3,10
4889,4,19
4890,4,25
4891,2,14
4892,3,19
4893,5,25
4894,3,22
4895,5,19
4896,2,17
4897,2,20
4898,3,17
4899,3,13
4900,5,16
4901,1,16
4902,5,22
4903,1,16
4904,4,21
4905,2,22
4906,1,22
4907,4,11
4908,1,21
4909,3,12
4910,4,22
4911,3,24
4912,5,10
4913,4,11
4914,3,10
4915,4,15
4916,3,13
4917,1,25
4918,1,18
4919,2,22
4920,2,17
4921,1,21
4922,3,24
4923,4,16
4924,3,19
4925,5,15
4926,4,15
4927,5,12
4928,1,22
4929,3,10
4930,2,17
4931,2,10
4932,5,24
4933,4,25
4934,2,22
4935,1,17
4936,4,23
4937,5,21
4938,5,13
4939,2,24
4940,3,10
4941,2,15
4942,1,22
4943,4,18
4944,4,22
4945,5,10
4946,4,10
4947,2,18
4948,1,21
4949,5,13
4950,4,10
4951,2,25
4952,4,10
4953,1,21
4954,2,13
4955,5,16
4956,1,19
4957,1,16
4958,4,22
4959,4,17
4960,1,15
4961,3,22
4962,3,17
4963,1,22
4964,3,22
4965,1,15
4966,3,13
4967,3,25
4968,1,21
4969,3,25
4970,2,11
4971,1,12
4972,4,14
4973,4,15
4974,5,13
4975,5,16
4976,1,24
4977,4,20
4978,1,14
4979,4,16
4980,2,19
4981,3,12
4982,1,22
4983,4,10
4984,1,25
4985,5,23
4986,2,21
4987,4,22
4988,4,23
4989,2,19
4990,4,24
4991,5,16
4992,5,24
4993,5,10
4994,3,13
4995,1,11
4996,2,17
4997,1,17
4998,3,22
4999,2,15
5000,2,19
5001,3,18
5002,5,14
5003,3,11
5004,3,20
5005,3,14
5006,3,18
5007,4,20
5008,5,12
5009,3,20
5010,2,20
5011,1,10
5012,2,15
5013,2,20
5014,5,17
5015,1,14
5016,2,17
5017,1,23
5018,4,21
5019,1,19
5020,4,22
5021,1,22
5022,1,21
5023,5,24
5024,5,14
5025,5,22
5026,5,22
5027,3,23
5028,5,14
5029,1,14
5030,5,23
5031,5,23
5032,4,16
5033,5,20
5034,2,22
5035,2,17
5036,3,13
5037,2,17
5038,2,25
5039,3,15
5040,3,24
5041,1,22
5042,5,22
5043,5,18
5044,4,23
5045,5,14
5046,3,18
5047,2,12
5048,3,10
5049,5,20
5050,4,10
5051,2,11
5052,5,13
5053,1,12
5054,3,23
5055,5,23
5056,1,23
5057,1,13
5058,3,21
5059,4,23
5060,5,17
5061,4,21
5062,5,17
5063,2,24
5064,1,21
5065,2,18
5066,3,14
5067,4,10
5068,3,12
5069,1,15
5070,2,10
5071,2,14
5072,2,15
5073,3,15
5074,2,21
5075,5,13
5076,5,18
5077,1,12
5078,2,20
5079,4,20
5080,1,21
5081,2,16
5082,2,16
5083,5,13
5084,4,24
5085,4,17
5086,4,12
5087,2,14
5088,4,25
5089,1,16
5090,4,18
5091,4,11
5092,3,12
5093,3,21
5094,5,21
5095,3,13
5096,2,17
5097,5,20
5098,5,25
5099,1,11
5100,5,23
5101,5,12
5102,2,23
5103,5,19
5104,1,14
5105,5,20
5106,5,11
5107,4,12
5108,1,15
5109,4,24
5110,4,24
5111,1,11
5112,5,20
5113,3,11
5114,3,18
5115,3,19
5116,5,20
5117,2,24
5118,4,13
5119,2,22
5120,1,10
5121,2,19
5122,1,19
5123,4,20
5124,1,15
5125,4,14
5126,2,24
5127,3,10
5128,4,22
5129,4,14
5130,1,22
5131,2,19
5132,5,15
5133,5,16
5134,1,21
5135,1,17
5136,4,24
5137,5,13
5138,3,13
5139,4,12
5140,2,17
5141,5,10
5142,2,17
5143,3,11
5144,1,17
5145,1,16
5146,4,23
5147,1,11
5148,1,25
5149,2,14
5150,4,13
5151,4,16
5152,5,25
5153,5,11
5154,1,25
5155,2,10
5156,2,19
5157,4,10
5158,5,16
5159,1,20
5160,4,10
5161,2,19
5162,5,14
5163,2,23
5164,5,25
5165,4,12
5166,4,23
5167,2,16
5168,5,17
5169,4,21
5170,4,18
5171,4,25
5172,2,13
5173,4,25
5174,1,17
5175,4,12
5176,4,17
5177,3,20
5178,4,22
5179,3,22
5180,5,15
5181,3,20
5182,1,12
5183,2,12
5184,5,20
5185,3,18
5186,2,20
5187,1,19
5188,4,14
5189,3,21
5190,2,20
5191,2,13
5192,2,17
5193,4,19
5194,1,12
5195,4,16
5196,1,16
5197,1,18
5198,1,11
5199,5,25
5200,2,24
5201,2,15
5202,3,15
5203,4,19
5204,1,22
5205,4,23
5206,5,14
5207,3,10
5208,5,24
5209,1,16
5210,1,10
5211,5,24
5212,3,12
5213,5,23
5214,4,16
5215,1,18
5216,2,14
5217,4,23
5218,4,24
5219,2,22
5220,3,17
5221,5,24
5222,5,10
5223,1,10
5224,4,24
5225,3,17
5226,3,17
5227,5,18
5228,5,12
5229,3,25
5230,2,14
5231,2,25
5232,1,23
5233,2,18
5234,4,10
5235,3,18
5236,3,13
5237,2,23
5238,4,15
5239,2,11
5240,4,19
5241,3,20
5242,1,16
5243,1,18
5244,1,23
5245,3,22
5246,3,15
5247,1,20
5248,5,23
5249,4,24
5250,5,10
5251,3,12
5252,4,21
5253,1,22
5254,2,10
5255,1,10
5256,2,23
5257,3,25
5258,4,18
5259,1,12
5260,1,17
5261,5,14
5262,1,25
5263,4,22
5264,2,25
5265,2,16
5266,1,17
5267,1,23
5268,5,10
5269,2,15
5270,2,21
5271,1,20
5272,5,10
5273,2,13
5274,2,23
5275,5,22
5276,3,22
5277,2,21
5278,1,20
5279,1,18
5280,3,25
5281,2,20
5282,5,18
5283,5,12
5284,1,19
5285,3,20
5286,2,18
5287,3,21
5288,5,22
5289,1,11
5290,4,14
5291,1,18
5292,2,16
5293,3,13
5294,4,21
5295,1,11
5296,3,21
5297,5,11
5298,4,10
5299,1,24
5300,2,14
5301,3,15
5302,4,25
5303,5,21
5304,2,21
5305,1,24
5306,5,22
5307,2,17
5308,3,22
5309,1,23
5310,1,24
5311,2,22
5312,5,16
5313,4,23
5314,2,14
5315,3,22
5316,3,21
5317,5,24
5318,4,24
5319,1,24
5320,4,11
5321,3,11
5322,3,21
5323,4,12
5324,4,20
5325,3,17
5326,2,25
5327,4,25
5328,5,10
5329,2,18
5330,5,14
5331,5,23
5332,2,19
5333,3,24
5334,1,24
5335,5,10
5336,2,17
5337,3,17
5338,5,19
5339,3,13
5340,4,16
5341,5,25
5342,3,18
5343,4,16
5344,1,23
5345,5,19
5346,2,24
5347,4,20
5348,4,18
5349,4,19
5350,2,20
5351,3,15
5352,5,22
5353,2,24
5354,5,20
5355,1,13
5356,3,12
5357,1,22
5358,2,13
5359,5,11
5360,2,14
5361,3,16
5362,1,14
5363,5,21
5364,2,10
5365,5,21
5366,5,17
5367,2,25
5368,2,25
5369,3,21
5370,5,14
5371,5,25
5372,4,22
5373,5,13
5374,4,21
5375,4,22
5376,2,22
5377,5,19
5378,1,15
5379,2,11
5380,5,12
5381,5,10
5382,1,11
5383,5,12
5384,3,21
5385,2,18
5386,4,20
5387,2,10
5388,5,21
5389,3,24
5390,1,25
5391,3,24
5392,5,18
5393,4,24
5394,1,25
5395,1,20
5396,4,12
5397,3,24
5398,1,25
5399,3,21
5400,2,18
5401,1,21
5402,1,16
5403,1,20
5404,2,15
5405,5,19
5406,1,23
5407,4,21
5408,5,16
5409,5,17
5410,4,12
5411,5,14
5412,4,24
5413,3,21
5414,3,24
5415,4,14
5416,4,18
5417,4,21
5418,5,11
5419,5,13
5420,4,22
5421,4,10
5422,2,24
5423,1,24
5424,3,16
5425,3,17
5426,5,18
5427,5,20
5428,4,18
5429,1,24
5430,4,19
5431,2,14
5432,1,12
5433,3,17
5434,1,13
5435,2,15
5436,2,18
5437,4,11
5438,4,14
5439,2,22
5440,1,10
5441,3,25
5442,2,11
5443,3,20
5444,3,24
5445,1,18
5446,4,22
5447,1,15
5448,1,13
5449,4,19
5450,5,13
5451,1,24
5452,4,14
5453,4,16
5454,5,12
5455,1,25
5456,4,18
5457,1,17
5458,3,23
5459,3,15
5460,4,24
5461,3,18
5462,5,10
5463,2,19
5464,3,11
5465,1,23
5466,3,11
5467,4,15
5468,2,13
5469,5,20
5470,4,22
5471,4,17
5472,5,17
5473,5,24
5474,5,19
5475,4,15
5476,1,24
5477,1,23
5478,4,24
5479,1,11
5480,4,19
5481,2,15
5482,2,17
5483,1,23
5484,1,23
5485,5,16
5486,2,19
5487,2,21
5488,3,17
5489,1,13
5490,2,22
5491,4,24
5492,4,12
5493,1,17
5494,1,21
5495,3,12
5496,1,18
5497,3,19
5498,5,23
5499,3,24
5500,5,18
5501,2,13
5502,3,16
5503,4,13
5504,2,23
5505,1,18
5506,4,14
5507,2,22
5508,3,24
5509,2,12
5510,5,20
5511,5,22
5512,4,11
5513,4,24
5514,5,19
5515,1,10
5516,2,25
5517,4,16
5518,4,20
5519,1,25
5520,1,14
5521,2,12
5522,3,20
5523,2,14
5524,4,19
5525,1,18
5526,2,16
5527,1,11
5528,2,12
5529,4,12
5530,2,16
5531,1,13
5532,4,25
5533,2,23
5534,2,18
5535,2,11
5536,4,13
5537,5,22
5538,5,17
5539,4,19
5540,2,24
5541,5,18
5542,3,14
5543,1,25
5544,5,13
5545,2,23
5546,1,13
5547,4,14
5548,4,16
5549,5,13
5550,2,16
5551,1,22
5552,2,14
5553,5,23
5554,3,14
5555,1,15
5556,4,19
5557,3,23
5558,1,23
5559,2,24
5560,2,20
5561,3,20
5562,3,22
5563,2,11
5564,5,25
5565,5,12
5566,3,25
5567,4,11
5568,3,17
5569,2,18
5570,5,13
5571,3,25
5572,5,17
5573,2,22
5574,5,24
5575,5,16
5576,4,20
5577,2,18
5578,4,21
5579,3,10
5580,2,21
5581,3,22
5582,1,12
5583,5,15
5584,4,17
5585,3,14
5586,4,14
5587,2,10
5588,3,11
5589,3,25
5590,3,21
5591,1,19
5592,5,17
5593,1,11
5594,5,16
5595,5,12
5596,1,19
5597,2,15
5598,1,16
5599,3,22
5600,1,17
5601,1,16
5602,1,19
5603,1,15
5604,3,17
5605,5,22
5606,5,15
5607,2,14
5608,3,17
5609,3,12
5610,5,16
5611,2,23
5612,4,14
5613,2,17
5614,2,15
5615,4,13
5616,5,15
5617,1,16
5618,4,25
5619,2,20
5620,4,16
5621,2,24
5622,1,11
5623,3,12
5624,2,21
5625,4,13
5626,4,22
5627,1,18
5628,5,17
5629,1,25
5630,2,14
5631,4,20
5632,5,12
5633,5,17
5634,1,15
5635,4,25
5636,5,10
5637,3,25
5638,1,15
5639,5,13
5640,4,18
5641,5,21
5642,1,11
5643,3,12
5644,2,17
5645,5,17
5646,5,11
5647,5,15
5648,4,21
5649,3,16
5650,4,20
5651,2,14
5652,2,13
5653,5,15
5654,3,10
5655,3,23
5656,5,18
5657,5,21
5658,2,22
5659,3,25
5660,3,22
5661,4,13
5662,3,20
5663,2,11
5664,4,13
5665,5,21
5666,1,25
5667,1,10
5668,1,10
5669,5,18
5670,1,18
5671,3,10
5672,4,17
5673,5,18
5674,2,21
5675,5,23
5676,3,23
5677,4,24
5678,5,14
5679,1,25
5680,1,13
5681,1,19
5682,2,23
5683,4,25
5684,1,20
5685,4,25
5686,3,12
5687,4,20
5688,2,20
5689,3,20
5690,5,22
5691,1,16
5692,5,19
5693,2,23
5694,1,11
5695,1,17
5696,3,25
5697,4,19
5698,4,22
5699,3,19
5700,4,25
5701,1,17
5702,1,20
5703,5,19
5704,1,23
5705,5,19
5706,2,24
5707,3,25
5708,3,22
5709,5,15
5710,1,10
5711,3,25
5712,5,24
5713,1,11
5714,2,16
5715,4,14
5716,4,22
5717,5,24
5718,4,25
5719,2,23
5720,3,20
5721,3,25
5722,5,18
5723,1,20
5724,4,24
5725,1,15
5726,1,20
5727,4,14
5728,3,18
5729,4,15
5730,5,24
5731,3,19
5732,5,18
5733,5,18
5734,5,24
5735,3,18
5736,2,10
5737,4,21
5738,2,11
5739,3,21
5740,1,15
5741,2,13
5742,1,25
5743,2,24
5744,5,13
5745,2,21
5746,2,14
5747,2,22
5748,4,10
5749,3,21
5750,1,18
5751,1,19
5752,4,18
5753,1,18
5754,5,17
5755,1,17
5756,3,12
5757,2,25
5758,5,13
5759,1,12
5760,4,13
5761,4,25
5762,3,15
5763,4,24
5764,3,25
5765,5,10
5766,5,11
5767,2,14
5768,1,20
5769,1,23
5770,4,12
5771,2,12
5772,2,17
5773,2,23
5774,5,24
5775,4,10
5776,5,16
5777,1,19
5778,2,14
5779,4,11
5780,4,18
5781,2,15
5782,1,22
5783,5,12
5784,1,20
5785,1,17
5786,5,14
5787,3,23
5788,5,25
5789,1,12
5790,3,15
5791,4,19
5792,2,11
5793,2,19
5794,1,19
5795,1,11
5796,1,18
5797,2,15
5798,5,25
5799,5,11
5800,2,14
5801,5,14
5802,1,24
5803,2,20
5804,1,10
5805,2,14
5806,3,10
5807,4,24
5808,3,23
5809,4,16
5810,4,16
5811,1,10
5812,2,24
5813,1,21
5814,5,11
5815,5,21
5816,4,21
5817,5,12
5818,3,25
5819,3,11
5820,2,13
5821,4,18
5822,5,10
5823,4,19
5824,4,20
5825,2,13
5826,2,14
5827,3,15
5828,4,25
5829,1,20
5830,5,24
5831,3,11
5832,4,10
5833,5,15
5834,5,16
5835,4,21
5836,4,14
5837,3,10
5838,4,16
5839,3,14
5840,5,10
5841,5,25
5842,5,20
5843,1,22
5844,3,13
5845,4,21
5846,3,15
5847,4,23
5848,5,23
5849,2,10
5850,5,10
5851,4,23
5852,5,12
5853,4,20
5854,1,12
5855,5,13
5856,3,12
5857,3,20
5858,1,21
5859,4,25
5860,3,11
5861,3,10
5862,5,11
5863,5,19
5864,2,14
5865,3,12
5866,5,23
5867,1,18
5868,2,20
5869,1,14
5870,1,11
5871,1,23
5872,2,14
5873,5,18
5874,2,12
5875,2,13
5876,2,10
5877,1,24
5878,2,12
5879,1,24
5880,5,24
5881,3,16
5882,3,12
5883,4,13
5884,4,25
5885,4,12
5886,1,22
5887,4,25
5888,1,14
5889,4,18
5890,1,12
5891,4,25
5892,3,23
5893,3,13
5894,2,24
5895,3,15
5896,2,21
5897,5,17
5898,4,10
5899,1,20
5900,5,11
5901,3,13
5902,1,25
5903,4,11
5904,5,25
5905,5,13
5906,1,17
5907,2,12
5908,2,14
5909,2,22
5910,3,20
5911,4,24
5912,4,23
5913,5,22
5914,3,12
5915,1,19
5916,5,10
5917,5,22
5918,1,12
5919,3,19
5920,3,11
5921,1,16
5922,3,17
5923,3,11
5924,4,15
5925,5,18
5926,5,21
5927,1,14
5928,5,11
5929,3,12
5930,3,13
5931,5,18
5932,2,11
5933,3,25
5934,4,22
5935,4,21
5936,3,16
5937,3,16
5938,5,16
5939,1,14
5940,1,13
5941,3,15
5942,4,16
5943,3,17
5944,4,22
5945,5,21
5946,2,25
5947,4,18
5948,1,23
5949,4,24
5950,3,22
5951,1,15
5952,4,24
5953,1,20
5954,4,10
5955,5,23
5956,4,23
5957,3,16
5958,1,20
5959,2,18
5960,5,10
5961,4,11
5962,3,21
5963,1,13
5964,1,13
5965,4,14
5966,3,13
5967,1,10
5968,3,23
5969,1,17
5970,1,22
5971,4,10
5972,4,20
5973,3,12
5974,3,12
5975,3,19
5976,3,15
5977,2,18
5978,1,14
5979,5,18
5980,4,19
5981,3,18
5982,2,12
5983,3,19
5984,5,11
5985,4,16
5986,2,18
5987,5,11
5988,5,11
5989,1,12
5990,3,11
5991,5,11
5992,5,11
5993,5,22
5994,3,15
5995,1,19
5996,4,22
5997,4,25
5998,5,20
5999,4,15
6000,2,12
6001,1,17
6002,2,10
6003,5,24
6004,1,25
6005,5,24
6006,5,11
6007,3,22
6008,1,11
6009,4,24
6010,4,22
6011,4,11
6012,5,21
6013,2,11
6014,1,17
6015,1,12
6016,5,11
6017,3,16
6018,3,25
6019,1,21
6020,2,14
6021,5,18
6022,1,23
6023,4,16
6024,4,20
6025,1,25
6026,2,15
6027,3,23
6028,1,23
6029,1,24
6030,4,23
6031,4,20
6032,1,12
6033,5,11
6034,2,13
6035,5,10
6036,2,22
6037,3,24
6038,3,19
6039,4,24
6040,5,12
6041,1,10
6042,4,16
6043,1,19
6044,1,13
6045,5,23
6046,2,14
6047,2,17
6048,4,13
6049,4,11
6050,3,19
6051,5,24
6052,2,20
6053,5,16
6054,2,25
6055,1,15
6056,1,25
6057,1,20
6058,2,19
6059,3,18
6060,4,21
6061,5,24
6062,3,24
6063,3,22
6064,3,20
6065,3,16
6066,4,13
6067,2,19
6068,1,15
6069,4,12
6070,3,20
6071,2,24
6072,3,23
6073,1,22
6074,4,11
6075,2,25
6076,2,18
6077,5,22
6078,3,12
6079,2,22
6080,5,20
6081,2,22
6082,1,23
6083,4,20
6084,1,13
6085,4,20
6086,1,13
6087,1,22
6088,2,25
6089,4,19
6090,3,11
6091,4,21
6092,5,24
6093,3,17
6094,5,20
6095,1,25
6096,4,22
6097,3,13
6098,3,14
6099,4,23
6100,3,22
6101,3,11
6102,5,12
6103,1,11
6104,5,24
6105,1,12
6106,2,10
6107,4,20
6108,2,17
6109,2,22
6110,2,16
6111,5,24
6112,5,12
6113,5,16
6114,1,13
6115,4,11
6116,1,12
6117,3,17
6118,1,18
6119,4,12
6120,2,24
6121,3,10
6122,3,23
6123,2,25
6124,3,21
6125,2,25
6126,2,13
6127,3,21
6128,1,19
6129,5,16
6130,2,16
6131,5,18
6132,4,20
6133,1,11
6134,4,11
6135,5,22
6136,3,10
6137,4,23
6138,2,25
6139,4,25
6140,4,21
6141,1,22
6142,4,18
6143,5,13
6144,3,15
6145,2,15
6146,3,24
6147,4,14
6148,3,22
6149,2,14
6150,1,15
6151,4,23
6152,5,18
6153,5,21
6154,3,12
6155,1,23
6156,4,22
6157,2,18
6158,5,11
6159,5,19
6160,5,10
6161,1,22
6162,2,17
6163,1,17
6164,3,16
6165,3,19
6166,1,14
6167,3,21
6168,1,23
6169,3,22
6170,3,15
6171,3,24
6172,2,10
6173,3,11
6174,4,17
6175,1,14
6176,2,13
6177,1,18
6178,5,19
6179,1,17
6180,2,11
6181,5,21
6182,2,16
6183,3,20
6184,5,16
6185,5,12
6186,4,20
6187,3,25
6188,1,20
6189,4,24
6190,4,21
6191,1,21
6192,5,15
6193,2,23
6194,3,18
6195,5,20
6196,2,21
6197,1,15
6198,1,18
6199,2,22
6200,5,16
6201,1,19
6202,4,13
6203,5,11
6204,1,17
6205,2,10
6206,5,21
6207,4,24
6208,2,21
6209,3,18
6210,2,16
6211,4,11
6212,4,11
6213,3,12
6214,2,11
6215,3,13
6216,1,21
6217,4,17
6218,5,13
6219,2,17
6220,2,20
6221,1,22
6222,2,10
6223,5,16
6224,3,10
6225,1,23
6226,1,14
6227,5,14
6228,1,15
6229,2,10
6230,3,19
6231,3,20
6232,1,12
6233,4,18
6234,4,25
6235,1,12
6236,2,22
6237,2,19
6238,1,24
6239,2,22
6240,5,15
6241,1,19
6242,3,17
6243,5,12
6244,1,16
6245,2,12
6246,4,22
6247,4,16
6248,3,18
6249,4,15
6250,4,16
6251,1,17
6252,5,20
6253,5,18
6254,1,16
6255,2,21
6256,5,18
6257,4,19
6258,4,16
6259,1,22
6260,3,16
6261,2,18
6262,4,15
6263,1,20
6264,2,12
6265,2,14
6266,4,16
6267,5,12
6268,1,20
6269,2,13
6270,2,23
6271,2,12
6272,1,13
6273,1,17
6274,3,22
6275,1,25
6276,3,22
6277,4,24
6278,4,10
6279,2,13
6280,5,23
6281,4,17
6282,5,12
6283,1,21
6284,2,10
6285,1,20
6286,5,25
6287,2,13
6288,1,14
6289,1,14
6290,3,22
6291,1,16
6292,5,14
6293,4,11
6294,1,25
6295,1,18
6296,2,23
6297,1,15
6298,2,15
6299,5,16
6300,4,16
6301,3,15
6302,2,15
6303,3,12
6304,5,18
6305,5,25
6306,2,11
6307,2,17
6308,2,24
6309,1,11
6310,1,10
6311,2,18
6312,3,16
6313,5,15
6314,5,20
6315,3,22
6316,3,25
6317,1,20
6318,1,12
6319,3,19
6320,4,16
6321,1,16
6322,2,17
6323,3,16
6324,3,25
6325,5,18
6326,5,18
6327,5,22
6328,4,19
6329,3,19
6330,4,24
6331,1,10
6332,3,12
6333,1,15
6334,3,14
6335,1,11
6336,4,14
6337,5,19
6338,3,24
6339,5,18
6340,4,10
6341,5,14
6342,5,20
6343,3,13
6344,5,22
6345,1,22
6346,1,10
6347,2,12
6348,3,22
6349,1,12
6350,2,22
6351,3,12
6352,5,17
6353,1,19
6354,3,22
6355,1,11
6356,4,11
6357,5,13
6358,5,23
6359,5,16
6360,2,25
6361,4,25
6362,4,15
6363,3,11
6364,3,16
6365,3,16
6366,4,22
6367,5,19
6368,2,17
6369,1,21
6370,5,15
6371,3,24
6372,4,25
6373,1,10
6374,2,11
6375,4,25
6376,1,13
6377,4,20
6378,5,25
6379,5,15
6380,3,16
6381,5,19
6382,2,19
6383,5,17
6384,5,23
6385,5,21
6386,3,22
6387,4,22
6388,5,21
6389,5,18
6390,2,23
6391,4,11
6392,3,11
6393,2,16
6394,4,20
6395,1,13
6396,5,11
6397,1,13
6398,2,22
6399,3,18
6400,3,14
6401,1,13
6402,2,10
6403,5,21
6404,4,24
6405,3,12
6406,2,10
6407,1,19
6408,2,18
6409,3,19
6410,3,17
6411,4,24
6412,5,24
6413,5,24
6414,2,22
6415,5,11
6416,2,23
6417,3,17
6418,1,14
6419,4,23
6420,3,21
6421,4,20
6422,3,24
6423,2,14
6424,2,22
6425,1,16
6426,3,17
6427,2,13
6428,5,19
6429,1,16
6430,4,23
6431,2,14
6432,1,14
6433,4,19
6434,1,18
6435,1,16
6436,1,13
6437,5,10
6438,1,12
6439,5,21
6440,2,10
6441,2,22
6442,4,17
6443,4,14
6444,1,10
6445,2,11
6446,3,14
6447,3,14
6448,4,25
6449,1,10
6450,5,12
6451,5,22
6452,5,14
6453,2,14
6454,2,18
6455,3,10
6456,1,17
6457,5,18
6458,2,13
6459,5,12
6460,3,19
6461,5,17
6462,3,11
6463,3,16
6464,2,16
6465,5,23
6466,3,10
6467,4,14
6468,4,13
6469,1,12
6470,2,12
6471,3,21
6472,1,11
6473,5,14
6474,1,12
6475,3,12
6476,5,22
6477,2,25
6478,2,13
6479,1,15
6480,1,19
6481,3,17
6482,4,24
6483,3,23
6484,4,23
6485,1,21
6486,2,15
6487,4,24
6488,3,16
6489,2,16
6490,2,22
6491,4,24
6492,4,21
6493,3,13
6494,4,11
6495,2,21
6496,1,14
6497,4,18
6498,1,18
6499,1,24
6500,5,10
6501,3,20
6502,3,18
6503,5,14
6504,4,21
6505,2,17
6506,4,25
6507,2,14
6508,1,24
6509,2,20
6510,5,22
6511,1,12
6512,4,11
6513,4,16
6514,2,14
6515,1,13
6516,4,11
6517,3,20
6518,1,14
6519,4,12
6520,2,18
6521,3,18
6522,5,25
6523,3,23
6524,4,13
6525,2,13
6526,1,22
6527,1,13
6528,5,24
6529,1,24
6530,5,13
6531,4,16
6532,1,22
6533,5,17
6534,3,22
6535,4,15
6536,3,14
6537,4,10
6538,1,18
6539,1,20
6540,1,14
6541,4,23
6542,3,11
6543,5,24
6544,1,12
6545,3,25
6546,3,10
6547,1,21
6548,2,23
6549,2,25
6550,4,12
6551,5,19
6552,1,19
6553,4,19
6554,3,17
6555,2,13
6556,2,18
6557,3,16
6558,2,20
6559,1,23
6560,3,10
6561,3,25
6562,2,17
6563,5,11
6564,3,25
6565,5,22
6566,3,13
6567,5,18
6568,2,19
6569,1,16
6570,5,23
6571,3,23
6572,5,20
6573,1,21
6574,2,14
6575,1,11
6576,3,12
6577,2,16
6578,1,14
6579,1,22
6580,1,14
6581,2,14
6582,2,24
6583,3,10
6584,2,11
6585,1,18
6586,4,21
6587,3,10
6588,1,15
6589,4,22
6590,1,15
6591,4,22
6592,3,12
6593,3,12
6594,1,18
6595,2,10
6596,1,13
6597,1,14
6598,1,17
6599,1,10
6600,2,12
6601,1,17
6602,2,20
6603,5,16
6604,2,12
6605,3,13
6606,5,16
6607,4,21
6608,2,25
6609,2,18
6610,1,21
6611,1,14
6612,1,20
6613,5,12
6614,5,12
6615,3,18
6616,5,15
6617,2,25
6618,5,12
6619,4,13
6620,1,18
6621,2,14
6622,2,18
6623,1,22
6624,3,13
6625,5,14
6626,2,14
6627,5,17
6628,1,24
6629,3,17
6630,5,15
6631,2,18
6632,1,23
6633,1,12
6634,4,19
6635,2,11
6636,5,24
6637,2,12
6638,5,11
6639,2,17
6640,1,24
6641,5,23
6642,1,11
6643,3,11
6644,1,11
6645,5,20
6646,2,10
6647,5,16
6648,1,13
6649,1,15
6650,1,12
6651,4,11
6652,2,22
6653,1,23
6654,1,13
6655,1,20
6656,2,14
6657,5,12
6658,3,25
6659,2,21
6660,1,10
6661,1,19
6662,4,14
6663,1,17
6664,4,24
6665,5,18
6666,1,12
6667,4,13
6668,3,12
6669,5,21
6670,2,10
6671,4,25
6672,3,15
6673,5,13
6674,3,20
6675,2,16
6676,3,13
6677,2,25
6678,4,17
6679,2,11
6680,1,11
6681,3,14
6682,5,10
6683,5,23
6684,1,17
6685,5,24
6686,3,22
6687,4,25
6688,3,13
6689,4,14
6690,4,14
6691,1,13
6692,5,17
6693,2,11
6694,5,16
6695,4,12
6696,1,23
6697,1,24
6698,4,25
6699,2,23
6700,5,13
6701,5,19
6702,3,15
6703,3,14
6704,5,16
6705,2,12
6706,1,12
6707,2,25
6708,5,14
6709,5,12
6710,4,24
6711,4,13
6712,2,13
6713,1,18
6714,2,23
6715,2,13
6716,5,11
6717,1,17
6718,3,23
6719,3,13
6720,2,17
6721,4,17
6722,1,12
6723,3,17
6724,5,13
6725,4,12
6726,3,16
6727,1,16
6728,4,14
6729,2,24
6730,1,22
6731,3,24
6732,1,14
6733,2,16
6734,1,15
6735,2,15
6736,2,17
6737,2,17
6738,3,11
6739,4,25
6740,5,15
6741,4,20
6742,4,11
6743,4,16
6744,3,22
6745,5,12
6746,2,14
6747,4,14
6748,3,17
6749,3,19
6750,1,25
6751,2,23
6752,5,24
6753,4,20
6754,3,13
6755,3,23
6756,5,11
6757,1,12
6758,2,25
6759,2,15
6760,3,12
6761,4,17
6762,3,18
6763,3,24
6764,1,24
6765,5,19
6766,1,23
6767,1,17
6768,1,17
6769,4,14
6770,2,12
6771,2,18
6772,4,12
6773,2,18
6774,5,21
6775,1,23
6776,2,19
6777,2,11
6778,3,25
6779,3,13
6780,5,18
6781,1,19
6782,5,13
6783,1,20
6784,2,25
6785,1,13
6786,4,19
6787,1,13
6788,1,25
6789,2,25
6790,2,15
6791,4,12
6792,4,18
6793,2,22
6794,2,25
6795,5,25
6796,1,13
6797,5,23
6798,5,11
6799,2,21
6800,3,14
6801,4,12
6802,4,22
6803,3,21
6804,1,16
6805,4,16
6806,1,24
6807,4,11
6808,4,13
6809,3,20
6810,2,10
6811,5,24
6812,4,16
6813,2,13
6814,1,15
6815,5,16
6816,3,12
6817,1,10
6818,2,12
6819,3,17
6820,2,24
6821,3,25
6822,2,19
6823,3,17
6824,2,22
6825,2,20
6826,2,23
6827,3,17
6828,2,17
6829,2,25
6830,1,10
6831,4,25
6832,4,13
6833,3,16
6834,3,22
6835,2,19
6836,4,18
6837,1,22
6838,3,16
6839,2,24
6840,2,18
6841,3,11
6842,5,17
6843,4,18
6844,5,14
6845,1,15
6846,2,15
6847,5,16
6848,2,11
6849,3,12
6850,3,17
6851,5,12
6852,1,21
6853,2,21
6854,1,22
6855,1,17
6856,1,14
6857,4,21
6858,1,19
6859,4,15
6860,1,24
6861,4,13
6862,4,22
6863,1,11
6864,2,10
6865,4,23
6866,2,12
6867,4,22
6868,4,16
6869,4,15
6870,5,19
6871,5,17
6872,2,16
6873,4,19
6874,5,10
6875,3,22
6876,3,20
6877,3,11
6878,4,21
6879,3,20
6880,5,16
6881,1,20
6882,2,11
6883,5,11
6884,5,22
6885,5,22
6886,3,17
6887,4,22
6888,3,20
6889,5,22
6890,2,23
6891,4,11
6892,3,15
6893,5,20
6894,3,25
6895,5,16
6896,4,24
6897,4,10
6898,5,24
6899,3,20
6900,5,19
6901,4,16
6902,4,11
6903,2,22
6904,4,23
6905,2,16
6906,5,20
6907,3,18
6908,1,16
6909,1,11
6910,4,11
6911,4,23
6912,3,12
6913,5,13
6914,4,18
6915,3,23
6916,3,21
6917,3,20
6918,3,21
6919,1,24
6920,3,23
6921,4,17
6922,5,15
6923,2,23
6924,4,12
6925,1,18
6926,3,20
6927,1,24
6928,4,14
6929,3,13
6930,4,16
6931,4,24
6932,5,21
6933,5,20
6934,3,11
6935,4,16
6936,3,13
6937,2,25
6938,2,11
6939,5,12
6940,5,12
6941,5,18
6942,5,11
6943,2,10
6944,1,19
6945,4,15
6946,3,23
6947,2,25
6948,1,18
6949,3,11
6950,3,12
6951,3,19
6952,1,18
6953,2,18
6954,4,20
6955,3,16
6956,3,14
6957,3,25
6958,1,22
6959,2,14
6960,3,21
6961,3,19
6962,2,25
6963,5,15
6964,5,19
6965,2,13
6966,1,19
6967,3,15
6968,2,23
6969,2,25
6970,3,14
6971,3,19
6972,5,25
6973,5,20
6974,3,24
6975,1,22
6976,5,25
6977,2,12
6978,5,12
6979,3,18
6980,1,15
6981,5,25
6982,5,23
6983,4,25
6984,4,25
6985,4,16
6986,1,13
6987,5,21
6988,2,14
6989,1,12
6990,5,22
6991,5,14
6992,1,16
6993,2,12
6994,4,12
6995,5,14
6996,5,12
6997,3,25
6998,3,18
6999,2,13
7000,2,24
7001,5,23
7002,1,14
7003,2,20
7004,5,20
7005,3,12
7006,1,18
7007,5,24
7008,1,24
7009,1,10
7010,5,25
7011,2,12
7012,1,14
7013,4,21
7014,5,15
7015,4,15
7016,1,25
7017,2,17
7018,1,14
7019,5,25
7020,5,20
7021,3,14
7022,5,17
7023,4,21
7024,5,14
7025,4,23
7026,1,15
7027,5,11
7028,2,12
7029,5,17
7030,1,13
7031,1,15
7032,4,15
7033,5,20
7034,2,13
7035,5,25
7036,2,25
7037,3,15
7038,1,18
7039,4,12
7040,1,17
7041,4,18
7042,4,18
7043,3,12
7044,4,22
7045,1,18
7046,3,18
7047,2,21
7048,4,13
7049,4,12
7050,4,23
7051,1,18
7052,1,12
7053,4,14
7054,3,12
7055,5,16
7056,5,21
7057,4,16
7058,5,19
7059,3,20
7060,2,14
7061,5,21
7062,2,23
7063,5,16
7064,2,24
7065,3,19
7066,4,20
7067,2,24
7068,5,15
7069,1,19
7070,1,17
7071,4,24
7072,3,11
7073,4,12
7074,5,17
7075,2,20
7076,5,24
7077,3,15
7078,4,24
7079,4,14
7080,4,24
7081,5,21
7082,5,12
7083,2,13
7084,3,10
7085,2,20
7086,2,21
7087,2,15
7088,2,24
7089,2,19
7090,5,10
7091,5,15
7092,5,12
7093,4,14
7094,1,14
7095,3,13
7096,2,18
7097,4,17
7098,1,22
7099,5,18
7100,1,25
7101,2,16
7102,1,22
7103,4,25
7104,3,25
7105,4,23
7106,1,16
7107,3,14
7108,4,21
7109,5,24
7110,4,25
7111,1,11
7112,2,10
7113,1,24
7114,5,21
7115,3,10
7116,3,20
7117,2,22
7118,3,14
7119,5,12
7120,5,18
7121,5,18
7122,1,25
7123,5,24
7124,3,19
7125,1,13
7126,3,18
7127,5,22
7128,2,11
7129,3,25
7130,3,13
7131,5,13
7132,2,25
7133,1,11
7134,5,17
7135,3,16
7136,3,16
7137,2,21
7138,2,10
7139,2,17
7140,2,24
7141,2,25
7142,2,13
7143,3,16
7144,4,16
7145,1,23
7146,3,16
7147,2,23
7148,2,16
7149,5,20
7150,2,11
7151,2,24
7152,2,16
7153,2,20
7154,5,13
7155,5,19
7156,4,24
7157,2,14
7158,1,19
7159,3,12
7160,4,23
7161,1,25
7162,1,22
7163,2,24
7164,1,20
7165,3,10
7166,4,12
7167,4,15
7168,4,14
7169,5,17
7170,1,17
7171,5,11
7172,4,22
7173,4,24
7174,4,22
7175,3,12
7176,1,18
7177,4,15
7178,4,14
7179,5,21
7180,4,17
7181,4,18
7182,5,14
7183,5,18
7184,2,10
7185,4,20
7186,2,12
7187,2,15
7188,2,11
7189,5,21
7190,1,23
7191,2,13
7192,4,13
7193,5,10
7194,2,24
7195,4,25
7196,3,19
7197,1,15
7198,2,12
7199,3,25
7200,2,18
7201,3,25
7202,5,19
7203,3,21
7204,2,25
7205,5,18
7206,1,21
7207,5,17
7208,5,10
7209,1,21
7210,3,23
7211,3,16
7212,3,15
7213,3,15
7214,4,15
7215,4,14
7216,2,11
7217,2,11
7218,4,23
7219,5,17
7220,1,11
7221,3,18
7222,2,20
7223,5,17
7224,5,15
7225,4,17
7226,1,19
7227,5,12
7228,3,19
7229,5,22
7230,5,14
7231,3,25
7232,3,25
7233,2,15
7234,2,24
7235,1,23
7236,2,23
7237,2,20
7238,3,11
7239,3,23
7240,2,17
7241,1,21
7242,2,14
7243,3,23
7244,5,24
7245,4,10
7246,2,13
7247,5,14
7248,3,15
7249,2,21
7250,5,22
7251,5,17
7252,4,14
7253,2,21
7254,4,14
7255,1,22
7256,1,15
7257,1,15
7258,3,10
7259,2,25
7260,3,25
7261,5,19
7262,3,18
7263,3,10
7264,3,17
7265,4,14
7266,4,19
7267,1,15
7268,5,14
7269,3,12
7270,3,21
7271,5,15
7272,2,24
7273,4,20
7274,4,23
7275,4,23
7276,3,10
7277,3,21
7278,3,25
7279,5,11
7280,4,11
7281,3,19
7282,4,14
7283,4,19
7284,5,20
7285,4,21
7286,5,22
7287,1,23
7288,4,13
7289,1,15
7290,3,12
7291,5,16
7292,5,14
7293,2,21
7294,4,11
7295,1,21
7296,5,19
7297,2,20
7298,4,10
7299,1,16
7300,3,15
7301,1,17
7302,3,18
7303,4,10
7304,4,16
7305,4,21
7306,2,11
7307,1,13
7308,1,13
7309,5,19
7310,1,19
7311,4,19
7312,1,15
7313,2,11
7314,2,12
7315,4,13
7316,1,12
7317,2,22
7318,2,12
7319,4,12
7320,3,12
7321,3,16
7322,1,24
7323,5,11
7324,3,25
7325,3,25
7326,1,21
7327,3,21
7328,5,14
7329,5,22
7330,4,25
7331,2,17
7332,2,22
7333,5,19
7334,4,11
7335,2,18
7336,2,21
7337,2,14
7338,5,10
7339,2,19
7340,5,17
7341,4,24
7342,1,21
7343,5,25
7344,4,21
7345,1,23
7346,3,18
7347,3,13
7348,1,14
7349,4,17
7350,5,22
7351,3,13
7352,4,20
7353,1,12
7354,4,10
7355,5,21
7356,1,10
7357,4,11
7358,5,16
7359,4,19
7360,1,18
7361,1,10
7362,1,24
7363,4,25
7364,4,14
7365,2,14
7366,3,23
7367,1,13
7368,3,17
7369,2,14
7370,2,16
7371,5,10
7372,3,18
7373,4,24
7374,1,23
7375,4,23
7376,4,13
7377,1,18
7378,4,16
7379,3,20
7380,3,15
7381,5,19
7382,3,18
7383,5,10
7384,2,24
7385,2,12
7386,4,14
7387,5,15
7388,2,21
7389,5,25
7390,3,21
7391,5,11
7392,2,20
7393,3,13
7394,4,14
7395,1,23
7396,5,11
7397,5,18
7398,4,10
7399,2,14
7400,2,22
7401,2,23
7402,1,20
7403,5,20
7404,2,25
7405,2,11
7406,2,19
7407,2,17
7408,2,18
7409,4,21
7410,4,23
7411,4,15
7412,5,24
7413,2,11
7414,4,10
7415,5,14
7416,2,25
7417,4,10
7418,5,19
7419,3,11
7420,5,11
7421,1,10
7422,4,25
7423,5,21
7424,1,15
7425,3,15
7426,2,22
7427,1,22
7428,3,25
7429,3,20
7430,1,13
7431,1,20
7432,1,15
7433,1,20
7434,5,15
7435,1,12
7436,5,23
7437,3,21
7438,5,25
7439,1,21
7440,2,18
7441,1,18
7442,3,17
7443,4,17
7444,5,20
7445,5,25
7446,5,25
7447,4,15
7448,1,17
7449,3,12
7450,2,12
7451,5,21
7452,2,15
7453,5,14
7454,1,19
7455,2,12
7456,2,14
7457,4,18
7458,5,16
7459,2,15
7460,2,15
7461,2,20
7462,3,10
7463,1,19
7464,5,15
7465,4,24
7466,1,20
7467,1,21
7468,5,22
7469,3,18
7470,2,25
7471,1,11
7472,5,17
7473,4,15
7474,5,15
7475,3,16
7476,5,18
7477,2,23
7478,2,17
7479,4,24
7480,5,18
7481,3,15
7482,5,16
7483,5,23
7484,2,11
7485,4,15
7486,4,17
7487,2,13
7488,5,13
7489,5,15
7490,5,19
7491,5,18
7492,4,16
7493,3,23
7494,1,16
7495,5,18
7496,5,13
7497,5,13
7498,1,19
7499,1,17
7500,2,25
7501,2,12
7502,5,25
7503,3,13
7504,3,22
7505,5,23
7506,5,20
7507,4,20
7508,3,23
7509,5,23
7510,3,13
7511,1,10
7512,4,19
7513,1,15
7514,5,11
7515,3,23
7516,1,23
7517,4,20
7518,4,19
7519,2,18
7520,5,16
7521,4,17
7522,3,10
7523,2,23
7524,2,14
7525,3,25
7526,1,17
7527,1,10
7528,5,22
7529,2,25
7530,2,18
7531,5,12
7532,3,10
7533,1,23
7534,4,12
7535,5,10
7536,3,17
7537,5,20
7538,5,22
7539,5,15
7540,4,16
7541,1,13
7542,4,17
7543,5,23
7544,3,10
7545,5,14
7546,1,19
7547,5,14
7548,3,21
7549,3,22
7550,1,25
7551,1,22
7552,3,12
7553,2,18
7554,4,14
7555,5,17
7556,2,10
7557,4,16
7558,5,22
7559,4,13
7560,2,15
7561,1,22
7562,3,18
7563,4,16
7564,5,22
7565,5,11
7566,5,10
7567,1,10
7568,2,18
7569,5,24
7570,5,18
7571,5,17
7572,5,22
7573,4,19
7574,2,17
7575,3,13
7576,4,24
7577,2,13
7578,1,15
7579,4,17
7580,3,11
7581,5,17
7582,3,23
7583,1,19
7584,2,12
7585,4,17
7586,3,15
7587,3,19
7588,3,20
7589,5,24
7590,4,11
7591,3,17
7592,1,21
7593,2,19
7594,5,16
7595,1,20
7596,2,25
7597,4,17
7598,2,20
7599,3,14
7600,3,14
7601,2,14
7602,1,17
7603,5,13
7604,1,15
7605,4,24
7606,2,14
7607,4,19
7608,5,11
7609,5,19
7610,4,17
7611,4,22
7612,2,13
7613,5,15
7614,4,24
7615,4,20
7616,1,13
7617,4,23
7618,4,20
7619,1,23
7620,2,23
7621,4,19
7622,2,19
7623,2,10
7624,3,19
7625,3,21
7626,2,16
7627,5,23
7628,1,22
7629,3,18
7630,5,15
7631,3,12
7632,3,11
7633,1,16
7634,5,15
7635,1,10
7636,1,23
7637,5,25
7638,1,17
7639,4,24
7640,4,21
7641,3,18
7642,3,17
7643,2,19
7644,4,21
7645,4,10
7646,4,16
7647,2,25
7648,5,18
7649,2,15
7650,1,17
7651,2,12
7652,5,20
7653,2,20
7654,2,19
7655,3,12
7656,2,13
7657,2,25
7658,3,15
7659,4,20
7660,3,12
7661,4,24
7662,3,10
7663,5,21
7664,1,17
7665,3,12
7666,1,25
7667,4,22
7668,4,14
7669,4,19
7670,5,19
7671,1,18
7672,5,18
7673,5,15
7674,1,16
7675,1,16
7676,1,12
7677,1,13
7678,3,23
7679,3,16
7680,3,20
7681,4,21
7682,2,22
7683,5,14
7684,4,11
7685,4,25
7686,3,17
7687,5,22
7688,5,14
7689,2,20
7690,3,21
7691,3,16
7692,2,16
7693,4,16
7694,4,18
7695,3,15
7696,5,25
7697,5,25
7698,4,21
7699,4,20
7700,3,11
7701,2,12
7702,1,22
7703,4,14
7704,5,12
7705,2,21
7706,4,24
7707,4,14
7708,1,17
7709,4,17
7710,4,23
7711,3,10
7712,2,11
7713,5,13
7714,4,24
7715,5,19
7716,3,23
7717,5,23
7718,5,22
7719,3,21
7720,2,13
7721,2,17
7722,2,24
7723,2,15
7724,4,11
7725,3,17
7726,2,11
7727,5,21
7728,2,18
7729,2,10
7730,2,12
7731,5,19
7732,4,23
7733,3,23
7734,5,12
7735,5,15
7736,2,21
7737,2,13
7738,5,20
7739,2,23
7740,3,13
7741,5,24
7742,3,10
7743,5,15
7744,4,25
7745,5,23
7746,5,18
7747,1,20
7748,2,25
7749,4,19
7750,2,23
7751,5,24
7752,4,17
7753,1,24
7754,1,21
7755,5,24
7756,1,15
7757,3,13
7758,1,20
7759,2,14
7760,2,13
7761,5,23
7762,3,12
7763,4,12
7764,5,18
7765,4,22
7766,3,13
7767,3,24
7768,4,14
7769,5,18
7770,5,24
7771,1,20
7772,4,12
7773,3,12
7774,5,15
7775,3,12
7776,5,12
7777,2,11
7778,5,15
7779,5,21
7780,4,13
7781,5,15
7782,2,16
7783,3,24
7784,5,17
7785,3,12
7786,4,12
7787,1,16
7788,2,17
7789,2,17
7790,1,19
7791,1,15
7792,5,19
7793,4,22
7794,1,15
7795,1,25
7796,1,14
7797,3,18
7798,4,18
7799,2,16
7800,1,21
7801,2,18
7802,4,23
7803,5,11
7804,3,18
7805,5,13
7806,2,25
7807,2,12
7808,5,14
7809,4,25
7810,2,14
7811,1,22
7812,2,22
7813,5,17
7814,2,13
7815,3,23
7816,4,11
7817,4,20
7818,2,25
7819,2,17
7820,1,10
7821,2,24
7822,3,16
7823,3,14
7824,2,10
7825,4,15
7826,5,11
7827,5,12
7828,1,23
7829,1,19
7830,2,14
7831,2,12
7832,5,10
7833,3,20
7834,4,13
7835,5,11
7836,5,13
7837,5,12
7838,4,19
7839,3,12
7840,2,17
7841,1,18
7842,4,25
7843,2,10
7844,5,24
7845,4,15
7846,4,13
7847,1,15
7848,4,12
7849,1,21
7850,3,24
7851,2,14
7852,1,24
7853,1,19
7854,2,13
7855,5,20
7856,3,12
7857,4,19
7858,2,11
7859,2,13
7860,2,14
7861,4,10
7862,1,15
7863,1,21
7864,2,25
7865,5,15
7866,1,13
7867,3,17
7868,4,11
7869,5,20
7870,2,20
7871,4,13
7872,3,17
7873,3,14
7874,3,18
7875,5,16
7876,5,12
7877,4,20
7878,3,14
7879,4,15
7880,5,19
7881,3,21
7882,1,24
7883,1,16
7884,4,14
7885,4,16
7886,1,22
7887,1,16
7888,1,11
7889,5,20
7890,5,20
7891,2,22
7892,3,10
7893,5,17
7894,3,15
7895,1,19
7896,4,18
7897,3,21
7898,4,15
7899,1,21
7900,5,24
7901,4,21
7902,3,25
7903,5,23
7904,5,17
7905,2,17
7906,3,22
7907,1,25
7908,5,14
7909,2,10
7910,4,22
7911,2,15
7912,4,10
7913,5,14
7914,3,25
7915,3,17
7916,1,19
7917,2,23
7918,2,19
7919,1,12
7920,1,17
7921,4,10
7922,4,25
7923,5,24
7924,2,25
7925,1,14
7926,5,13
7927,3,14
7928,3,20
7929,3,20
7930,5,13
7931,3,18
7932,2,24
7933,3,24
7934,5,18
7935,4,20
7936,4,14
7937,1,24
7938,4,16
7939,1,19
7940,3,10
7941,5,17
7942,4,19
7943,2,11
7944,3,22
7945,1,14
7946,3,21
7947,5,24
7948,4,16
7949,4,24
7950,4,18
7951,2,19
7952,2,20
7953,5,16
7954,2,14
7955,2,11
7956,3,22
7957,2,13
7958,3,17
7959,1,16
7960,5,12
7961,1,10
7962,4,22
7963,3,16
7964,2,22
7965,4,20
7966,5,18
7967,3,18
7968,5,22
7969,3,20
7970,3,24
7971,1,13
7972,4,15
7973,1,17
7974,1,15
7975,4,10
7976,2,11
7977,1,23
7978,3,15
7979,3,16
7980,4,16
7981,3,17
7982,5,19
7983,2,12
7984,3,18
7985,5,13
7986,2,22
7987,5,24
7988,1,16
7989,5,23
7990,4,22
7991,3,12
7992,4,21
7993,1,22
7994,3,12
7995,2,22
7996,5,22
7997,2,11
7998,2,22
7999,1,12
8000,2,24
8001,5,15
8002,5,11
8003,4,13
8004,1,13
8005,3,12
8006,5,21
8007,2,12
8008,2,10
8009,5,20
8010,2,14
8011,5,13
8012,4,25
8013,4,19
8014,3,25
8015,5,24
8016,3,12
8017,4,23
8018,3,13
8019,1,23
8020,2,25
8021,3,17
8022,5,23
8023,3,19
8024,1,17
8025,4,19
8026,5,19
8027,2,13
8028,4,20
8029,1,22
8030,5,11
8031,3,17
8032,2,25
8033,4,12
8034,3,15
8035,4,21
8036,2,14
8037,5,10
8038,1,17
8039,3,12
8040,1,11
8041,3,16
8042,4,12
8043,2,19
8044,2,12
8045,5,16
8046,5,11
8047,1,24
8048,5,24
8049,1,25
8050,3,25
8051,5,10
8052,3,18
8053,3,21
8054,4,21
8055,2,13
8056,1,25
8057,2,10
8058,1,23
8059,4,12
8060,5,20
8061,5,19
8062,5,18
8063,1,23
8064,5,22
8065,1,13
8066,2,15
8067,2,18
8068,4,25
8069,5,22
8070,4,14
8071,3,23
8072,4,16
8073,5,10
8074,5,16
8075,4,19
8076,5,15
8077,4,11
8078,2,19
8079,2,11
8080,5,23
8081,4,20
8082,4,22
8083,2,11
8084,3,19
8085,1,22
8086,2,17
8087,1,22
8088,5,13
8089,3,13
8090,3,21
8091,1,15
8092,5,19
8093,3,13
8094,5,23
8095,5,15
8096,5,10
8097,1,24
8098,2,18
8099,3,20
8100,2,21
8101,5,16
8102,1,15
8103,4,24
8104,1,17
8105,3,13
8106,3,13
8107,5,17
8108,1,18
8109,4,11
8110,4,16
8111,1,23
8112,3,24
8113,1,25
8114,4,14
8115,4,18
8116,3,10
8117,1,17
8118,3,20
8119,5,15
8120,2,14
8121,2,20
8122,3,12
8123,1,24
8124,1,22
8125,4,18
8126,4,18
8127,3,17
8128,1,11
8129,4,10
8130,3,22
8131,2,21
8132,4,23
8133,1,18
8134,5,25
8135,1,24
8136,1,10
8137,4,22
8138,3,14
8139,1,25
8140,3,21
8141,2,16
8142,5,18
8143,4,14
8144,4,20
8145,4,23
8146,3,13
8147,5,16
8148,3,21
8149,4,18
8150,3,22
8151,4,15
8152,2,17
8153,2,19
8154,2,25
8155,3,11
8156,5,21
8157,4,16
8158,5,16
8159,4,12
8160,4,20
8161,3,22
8162,1,17
8163,3,23
8164,1,21
8165,2,25
8166,5,20
8167,5,21
8168,4,19
8169,4,13
8170,4,18
8171,2,11
8172,3,24
8173,2,15
8174,4,20
8175,4,13
8176,2,15
8177,1,13
8178,3,13
8179,4,16
8180,5,25
8181,3,12
8182,5,24
8183,4,10
8184,2,13
8185,1,19
8186,3,18
8187,1,12
8188,3,22
8189,2,23
8190,5,16
8191,3,15
8192,5,24
8193,2,11
8194,1,25
8195,3,10
8196,4,18
8197,1,25
8198,3,23
8199,5,18
8200,5,18
8201,4,20
8202,5,19
8203,2,14
8204,5,23
8205,1,24
8206,4,21
8207,5,17
8208,2,18
8209,4,23
8210,5,14
8211,1,24
8212,3,23
8213,4,19
8214,1,23
8215,3,12
8216,1,22
8217,4,11
8218,1,10
8219,1,13
8220,5,23
8221,1,17
8222,5,18
8223,3,12
8224,5,16
8225,1,14
8226,1,23
8227,5,24
8228,3,25
8229,1,15
8230,5,21
8231,5,11
8232,4,10
8233,4,18
8234,1,15
8235,4,18
8236,2,14
8237,1,10
8238,2,12
8239,5,21
8240,2,16
8241,3,20
8242,5,20
8243,4,15
8244,4,17
8245,2,18
8246,1,23
8247,3,22
8248,3,18
8249,5,13
8250,2,18
8251,1,25
8252,4,14
8253,5,14
8254,2,15
8255,2,21
8256,4,20
8257,1,23
8258,5,18
8259,4,11
8260,3,14
8261,2,22
8262,4,16
8263,1,17
8264,2,23
8265,4,22
8266,3,25
8267,5,25
8268,1,19
8269,3,14
8270,5,19
8271,4,15
8272,3,21
8273,2,15
8274,5,17
8275,3,18
8276,3,21
8277,1,16
8278,5,14
8279,3,11
8280,1,12
8281,4,16
8282,1,11
8283,3,23
8284,5,25
8285,5,23
8286,5,23
8287,1,23
8288,1,23
8289,1,24
8290,4,25
8291,1,12
8292,4,24
8293,2,10
8294,1,23
8295,4,21
8296,2,25
8297,1,23
8298,5,13
8299,3,25
8300,4,16
8301,1,13
8302,5,10
8303,1,12
8304,4,11
8305,5,20
8306,2,25
8307,3,14
8308,5,10
8309,1,17
8310,5,10
8311,2,19
8312,1,25
8313,3,25
8314,5,18
8315,4,25
8316,3,17
8317,3,10
8318,2,11
8319,4,22
8320,4,21
8321,1,21
8322,3,25
8323,4,12
8324,2,15
8325,1,23
8326,1,10
8327,2,25
8328,4,12
8329,4,23
8330,5,18
8331,3,24
8332,1,25
8333,3,24
8334,5,22
8335,3,15
8336,4,15
8337,5,16
8338,5,13
8339,5,13
8340,5,14
8341,4,14
8342,3,16
8343,1,23
8344,2,19
8345,3,18
8346,2,25
8347,1,21
8348,5,13
8349,5,21
8350,3,18
8351,3,25
8352,1,13
8353,5,17
8354,1,21
8355,5,11
8356,3,24
8357,2,25
8358,3,20
8359,4,22
8360,1,18
8361,3,18
8362,5,10
8363,2,13
8364,5,23
8365,4,25
8366,4,14
8367,2,11
8368,4,10
8369,1,23
8370,3,17
8371,5,22
8372,3,14
8373,1,12
8374,5,25
8375,4,21
8376,3,15
8377,5,24
8378,3,12
8379,3,20
8380,3,24
8381,4,12
8382,4,23
8383,5,19
8384,4,18
8385,3,18
8386,4,14
8387,1,25
8388,3,21
8389,3,17
8390,5,12
8391,5,23
8392,3,11
8393,4,14
8394,2,10
8395,3,23
8396,5,18
8397,2,22
8398,1,20
8399,1,22
8400,4,21
8401,2,15
8402,1,10
8403,4,20
8404,5,17
8405,1,24
8406,5,22
8407,5,18
8408,4,23
8409,1,24
8410,4,22
8411,4,22
8412,3,12
8413,4,22
8414,5,10
8415,4,25
8416,3,10
8417,2,20
8418,3,11
8419,3,11
8420,2,13
8421,1,23
8422,4,12
8423,2,15
8424,5,16
8425,2,10
8426,3,22
8427,1,16
8428,2,21
8429,5,11
8430,4,18
8431,5,22
8432,1,16
8433,2,11
8434,1,23
8435,3,13
8436,3,25
8437,2,18
8438,3,11
8439,4,13
8440,5,19
8441,4,19
8442,5,16
8443,5,13
8444,5,20
8445,4,13
8446,3,15
8447,3,17
8448,4,11
8449,5,23
8450,1,14
8451,1,16
8452,1,21
8453,5,10
8454,4,20
8455,1,11
8456,5,10
8457,2,21
8458,4,19
8459,5,25
8460,1,24
8461,5,25
8462,5,22
8463,5,19
8464,5,10
8465,3,23
8466,1,10
8467,1,11
8468,5,11
8469,2,13
8470,1,19
8471,2,14
8472,4,10
8473,2,13
8474,3,18
8475,4,23
8476,3,24
8477,2,14
8478,5,22
8479,5,15
8480,3,22
8481,5,20
8482,1,15
8483,5,12
8484,3,14
8485,5,19
8486,5,24
8487,3,20
8488,3,22
8489,3,22
8490,1,19
8491,1,21
8492,2,14
8493,3,21
8494,4,16
8495,4,11
8496,1,21
8497,5,11
8498,5,18
8499,4,10
8500,5,11
8501,3,12
8502,2,11
8503,5,16
8504,2,10
8505,1,20
8506,4,23
8507,4,15
8508,1,23
8509,3,23
8510,5,22
8511,3,21
8512,4,19
8513,1,14
8514,1,24
8515,5,24
8516,2,13
8517,2,20
8518,3,21
8519,3,18
8520,4,12
8521,1,18
8522,1,17
8523,1,16
8524,2,13
8525,4,11
8526,3,18
8527,1,13
8528,3,15
8529,2,18
8530,5,13
8531,2,25
8532,3,22
8533,1,14
8534,3,18
8535,5,11
8536,2,15
8537,4,19
8538,5,25
8539,1,12
8540,5,18
8541,5,15
8542,4,13
8543,3,17
8544,4,21
8545,5,14
8546,3,19
8547,2,13
8548,1,25
8549,1,17
8550,4,20
8551,3,20
8552,5,25
8553,2,13
8554,3,22
8555,4,20
8556,5,23
8557,4,20
8558,2,23
8559,4,18
8560,3,12
8561,1,22
8562,1,11
8563,3,21
8564,1,19
8565,5,13
8566,5,23
8567,4,21
8568,5,14
8569,5,25
8570,3,25
8571,2,24
8572,5,20
8573,1,19
8574,5,10
8575,2,16
8576,2,20
8577,1,23
8578,4,12
8579,1,17
8580,3,22
8581,1,18
8582,1,11
8583,3,20
8584,1,16
8585,4,16
8586,5,15
8587,1,21
8588,4,12
8589,5,24
8590,5,25
8591,2,21
8592,2,25
8593,3,11
8594,1,19
8595,2,19
8596,1,23
8597,1,17
8598,4,10
8599,1,19
8600,3,12
8601,3,19
8602,1,22
8603,2,17
8604,5,23
8605,5,15
8606,3,20
8607,2,16
8608,3,10
8609,5,10
8610,5,22
8611,3,15
8612,4,20
8613,4,16
8614,1,20
8615,3,16
8616,2,13
8617,4,24
8618,1,12
8619,1,16
8620,2,18
8621,4,10
8622,4,10
8623,4,23
8624,2,10
8625,1,10
8626,4,23
8627,3,19
8628,3,12
8629,2,13
8630,1,14
8631,5,16
8632,4,24
8633,5,17
8634,2,16
8635,5,12
8636,4,15
8637,2,23
8638,1,18
8639,4,17
8640,2,13
8641,3,22
8642,4,17
8643,4,24
8644,1,17
8645,2,18
8646,1,20
8647,3,24
8648,4,20
8649,2,11
8650,1,16
8651,1,19
8652,1,13
8653,2,19
8654,2,23
8655,1,25
8656,4,25
8657,4,12
8658,4,17
8659,4,14
8660,1,11
8661,1,12
8662,3,17
8663,3,16
8664,1,14
8665,5,21
8666,4,19
8667,3,17
8668,4,25
8669,4,11
8670,3,25
8671,5,20
8672,4,10
8673,3,24
8674,1,14
8675,4,25
8676,1,24
8677,1,17
8678,3,11
8679,4,21
8680,2,18
8681,2,23
8682,5,20
8683,1,16
8684,4,11
8685,3,17
8686,4,13
8687,2,20
8688,1,11
8689,1,21
8690,1,20
8691,4,19
8692,2,19
8693,3,21
8694,2,22
8695,3,12
8696,5,23
8697,5,18
8698,4,16
8699,2,22
8700,3,14
8701,2,10
8702,4,11
8703,5,16
8704,3,10
8705,4,17
8706,2,24
8707,4,14
8708,4,14
8709,2,19
8710,2,12
8711,5,18
8712,4,17
8713,4,21
8714,1,11
8715,1,16
8716,3,23
8717,2,23
8718,3,10
8719,4,23
8720,4,17
8721,2,14
8722,1,14
8723,2,23
8724,5,13
8725,2,20
8726,1,10
8727,3,13
8728,3,17
8729,3,14
8730,2,18
8731,4,10
8732,3,18
8733,2,13
8734,4,14
8735,3,14
8736,2,24
8737,4,22
8738,5,13
8739,2,23
8740,2,20
8741,1,21
8742,3,21
8743,3,18
8744,1,13
8745,2,25
8746,2,11
8747,3,23
8748,4,17
8749,3,24
8750,3,25
8751,4,22
8752,3,14
8753,2,10
8754,5,11
8755,5,13
8756,2,24
8757,4,10
8758,3,15
8759,3,14
8760,2,22
8761,4,22
8762,3,14
8763,2,23
8764,3,21
8765,1,23
8766,3,21
8767,2,25
8768,2,21
8769,2,17
8770,5,11
8771,1,14
8772,2,13
8773,2,19
8774,2,11
8775,3,21
8776,2,15
8777,4,23
8778,4,12
8779,5,12
8780,3,23
8781,3,14
8782,3,10
8783,2,21
8784,1,17
8785,3,12
8786,1,10
8787,3,23
8788,4,12
8789,3,15
8790,2,20
8791,4,16
8792,1,11
8793,3,21
8794,2,12
8795,3,21
8796,4,22
8797,5,10
8798,4,24
8799,3,12
8800,2,23
8801,5,16
8802,3,24
8803,1,23
8804,2,16
8805,2,18
8806,3,23
8807,5,20
8808,3,20
8809,3,15
8810,5,18
8811,3,14
8812,5,17
8813,4,11
8814,4,16
8815,3,11
8816,5,20
8817,4,22
8818,5,12
8819,3,11
8820,3,12
8821,2,13
8822,3,20
8823,1,17
8824,2,15
8825,4,25
8826,1,16
8827,1,15
8828,2,11
8829,1,15
8830,3,11
8831,3,12
8832,2,10
8833,4,25
8834,5,16
8835,1,21
8836,1,10
8837,2,14
8838,3,10
8839,1,10
8840,4,16
8841,2,24
8842,4,16
8843,5,22
8844,5,18
8845,5,18
8846,1,20
8847,5,10
8848,2,11
8849,4,19
8850,3,25
8851,5,13
8852,3,22
8853,3,20
8854,3,16
8855,2,12
8856,3,22
8857,2,15
8858,3,10
8859,4,22
8860,5,25
8861,2,11
8862,5,12
8863,5,23
8864,3,10
8865,3,24
8866,1,18
8867,5,25
8868,2,16
8869,4,14
8870,1,14
8871,4,22
8872,2,16
8873,5,22
8874,1,20
8875,5,16
8876,5,23
8877,2,16
8878,2,24
8879,5,24
8880,2,23
8881,4,21
8882,5,15
8883,1,18
8884,3,13
8885,5,22
8886,3,10
8887,3,12
8888,1,20
8889,1,24
8890,3,10
8891,1,14
8892,1,10
8893,4,22
8894,1,21
8895,4,15
8896,5,23
8897,2,12
8898,3,21
8899,2,20
8900,4,13
8901,5,11
8902,5,22
8903,3,17
8904,5,22
8905,3,21
8906,1,22
8907,1,13
8908,4,23
8909,3,22
8910,3,16
8911,1,16
8912,4,23
8913,5,22
8914,4,25
8915,3,24
8916,1,13
8917,3,13
8918,1,25
8919,3,15
8920,4,10
8921,2,15
8922,4,23
8923,2,14
8924,5,15
8925,5,20
8926,2,24
8927,2,21
8928,3,20
8929,5,12
8930,1,21
8931,5,11
8932,5,12
8933,3,21
8934,3,14
8935,1,18
8936,4,19
8937,2,21
8938,5,12
8939,5,18
8940,1,12
8941,5,14
8942,3,21
8943,2,18
8944,1,22
8945,2,13
8946,3,11
8947,5,11
8948,1,14
8949,1,15
8950,2,12
8951,5,12
8952,1,25
8953,3,22
8954,4,10
8955,3,18
8956,2,19
8957,4,19
8958,5,25
8959,2,21
8960,4,20
8961,3,16
8962,3,11
8963,4,10
8964,5,18
8965,1,21
8966,2,12
8967,5,15
8968,1,22
8969,2,17
8970,5,11
8971,5,23
8972,5,13
8973,3,10
8974,5,11
8975,5,19
8976,4,21
8977,5,22
8978,3,24
8979,3,25
8980,1,17
8981,1,24
8982,1,22
8983,1,15
8984,3,18
8985,5,24
8986,3,14
8987,1,15
8988,1,15
8989,4,17
8990,2,12
8991,4,17
8992,2,15
8993,4,17
8994,2,17
8995,2,18
8996,3,17
8997,4,14
8998,1,17
8999,4,17
9000,2,24
9001,4,12
9002,4,20
9003,1,21
9004,5,18
9005,2,11
9006,1,15
9007,3,12
9008,3,13
9009,3,15
9010,2,19
9011,3,23
9012,2,20
9013,2,22
9014,2,10
9015,3,16
9016,1,13
9017,1,15
9018,1,11
9019,5,19
9020,2,20
9021,3,23
9022,2,21
9023,3,21
9024,3,12
9025,4,18
9026,5,11
9027,1,20
9028,3,12
9029,2,11
9030,2,10
9031,1,10
9032,2,23
9033,5,24
9034,5,19
9035,2,11
9036,1,11
9037,3,19
9038,2,21
9039,1,19
9040,2,18
9041,1,19
9042,4,23
9043,4,25
9044,1,21
9045,5,20
9046,5,16
9047,3,12
9048,5,21
9049,3,25
9050,4,24
9051,2,15
9052,1,24
9053,1,16
9054,3,18
9055,3,24
9056,2,12
9057,2,13
9058,3,12
9059,1,15
9060,1,13
9061,1,16
9062,5,23
9063,4,12
9064,5,13
9065,2,18
9066,3,18
9067,5,21
9068,5,17
9069,4,12
9070,1,13
9071,3,18
9072,2,18
9073,1,23
9074,4,19
9075,2,22
9076,3,11
9077,1,19
9078,3,11
9079,3,17
9080,1,20
9081,4,12
9082,5,10
9083,4,11
9084,4,16
9085,1,25
9086,1,15
9087,2,14
9088,3,23
9089,4,24
9090,4,11
9091,1,17
9092,4,15
9093,3,12
9094,4,19
9095,1,13
9096,5,17
9097,3,21
9098,2,15
9099,1,10
9100,3,15
9101,1,22
9102,4,24
9103,5,20
9104,1,10
9105,2,14
9106,1,20
9107,2,21
9108,3,21
9109,3,13
9110,5,17
9111,4,16
9112,5,25
9113,4,15
9114,2,24
9115,1,20
9116,1,11
9117,3,21
9118,1,13
9119,4,11
9120,1,25
9121,5,22
9122,3,13
9123,2,20
9124,3,25
9125,5,17
9126,1,11
9127,4,21
9128,1,19
9129,3,23
9130,5,19
9131,1,19
9132,3,23
9133,5,14
9134,2,11
9135,3,20
9136,5,23
9137,1,23
9138,5,11
9139,3,18
9140,3,20
9141,5,11
9142,1,20
9143,2,21
9144,5,22
9145,5,11
9146,1,19
9147,2,25
9148,3,14
9149,4,17
9150,5,19
9151,3,18
9152,4,21
9153,2,19
9154,2,20
9155,3,24
9156,3,17
9157,1,16
9158,1,20
9159,4,12
9160,2,25
9161,3,17
9162,2,12
9163,5,16
9164,4,21
9165,5,24
9166,1,21
9167,5,15
9168,2,22
9169,2,10
9170,1,17
9171,1,25
9172,3,19
9173,4,12
9174,4,15
9175,1,24
9176,1,11
9177,4,14
9178,4,25
9179,1,16
9180,2,19
9181,4,25
9182,2,10
9183,4,10
9184,2,25
9185,5,15
9186,4,21
9187,4,16
9188,3,16
9189,4,25
9190,1,12
9191,3,23
9192,5,10
9193,4,25
9194,1,15
9195,4,22
9196,1,24
9197,1,21
9198,1,23
9199,1,17
9200,2,10
9201,5,11
9202,4,13
9203,4,11
9204,4,15
9205,3,19
9206,1,13
9207,3,16
9208,4,12
9209,1,21
9210,5,15
9211,4,15
9212,3,16
9213,5,25
9214,2,14
9215,1,16
9216,4,20
9217,3,24
9218,1,24
9219,4,24
9220,3,20
9221,4,20
9222,4,14
9223,2,16
9224,3,20
9225,5,25
9226,2,19
9227,5,18
9228,5,19
9229,5,25
9230,2,17
9231,2,13
9232,2,17
9233,4,22
9234,4,13
9235,2,20
9236,3,17
9237,5,15
9238,2,25
9239,4,22
9240,3,25
9241,1,14
9242,2,14
9243,5,19
9244,3,16
9245,1,21
9246,4,20
9247,5,21
9248,2,16
9249,3,22
9250,2,25
9251,5,11
9252,5,13
9253,3,23
9254,2,17
9255,1,16
9256,3,17
9257,4,24
9258,4,11
9259,3,15
9260,3,18
9261,2,23
9262,2,19
9263,5,14
9264,4,25
9265,1,12
9266,3,21
9267,2,14
9268,5,22
9269,1,22
9270,3,22
9271,5,19
9272,4,17
9273,4,22
9274,5,21
9275,5,25
9276,4,13
9277,1,15
9278,5,10
9279,2,22
9280,5,12
9281,5,24
9282,1,14
9283,2,19
9284,5,19
9285,1,18
9286,5,15
9287,5,18
9288,3,24
9289,4,14
9290,3,10
9291,3,15
9292,3,11
9293,5,25
9294,2,17
9295,5,22
9296,4,11
9297,1,12
9298,5,16
9299,3,16
9300,5,13
9301,1,21
9302,2,14
9303,5,17
9304,3,19
9305,2,25
9306,5,14
9307,4,20
9308,5,11
9309,2,15
9310,4,20
9311,2,11
9312,1,25
9313,2,15
9314,1,13
9315,1,10
9316,3,11
9317,3,25
9318,2,13
9319,4,16
9320,4,15
9321,2,12
9322,5,18
9323,5,15
9324,1,20
9325,4,22
9326,4,19
9327,3,23
9328,3,17
9329,1,14
9330,4,23
9331,1,13
9332,5,14
9333,5,21
9334,4,25
9335,3,13
9336,4,16
9337,1,11
9338,3,21
9339,1,18
9340,4,20
9341,4,13
9342,4,14
9343,4,19
9344,2,13
9345,3,21
9346,3,17
9347,3,10
9348,3,18
9349,4,10
9350,5,22
9351,4,15
9352,2,23
9353,2,16
9354,2,19
9355,4,12
9356,4,16
9357,5,11
9358,5,15
9359,1,23
9360,4,17
9361,1,12
9362,4,16
9363,2,13
9364,2,13
9365,4,11
9366,5,25
9367,4,18
9368,3,14
9369,4,11
9370,3,21
9371,1,24
9372,5,19
9373,4,10
9374,5,25
9375,5,21
9376,5,10
9377,3,14
9378,2,20
9379,3,11
9380,5,13
9381,5,12
9382,5,20
9383,2,12
9384,5,21
9385,4,23
9386,2,11
9387,2,12
9388,1,18
9389,2,19
9390,5,22
9391,5,12
9392,3,15
9393,4,24
9394,4,10
9395,3,17
9396,5,15
9397,4,13
9398,5,25
9399,2,19
9400,2,11
9401,2,10
9402,5,16
9403,4,15
9404,1,14
9405,2,20
9406,5,24
9407,1,25
9408,1,21
9409,1,12
9410,3,13
9411,3,20
9412,3,21
9413,3,24
9414,3,14
9415,3,24
9416,5,24
9417,1,25
9418,5,24
9419,4,14
9420,4,23
9421,2,18
9422,2,13
9423,1,24
9424,1,18
9425,1,10
9426,2,16
9427,3,19
9428,2,18
9429,1,23
9430,4,17
9431,2,19
9432,2,23
9433,2,18
9434,4,13
9435,3,20
9436,4,21
9437,5,17
9438,1,21
9439,5,17
9440,1,20
9441,1,21
9442,2,21
9443,2,10
9444,3,14
9445,4,20
9446,1,24
9447,3,12
9448,3,22
9449,5,13
9450,1,22
9451,2,24
9452,5,11
9453,4,13
9454,1,20
9455,1,13
9456,1,17
9457,2,12
9458,2,12
9459,3,21
9460,1,17
9461,5,18
9462,4,12
9463,1,24
9464,5,25
9465,2,25
9466,5,13
9467,3,10
9468,5,18
9469,3,17
9470,5,18
9471,4,13
9472,5,23
9473,2,25
9474,3,15
9475,2,10
9476,5,10
9477,1,19
9478,1,12
9479,5,11
9480,1,17
9481,5,21
9482,4,11
9483,2,18
9484,5,18
9485,3,10
9486,1,17
9487,3,10
9488,5,19
9489,1,14
9490,5,21
9491,1,13
9492,1,11
9493,4,12
9494,2,14
9495,3,13
9496,3,16
9497,2,11
9498,1,23
9499,4,19
9500,5,21
9501,3,21
9502,1,11
9503,4,21
9504,2,14
9505,4,21
9506,3,14
9507,4,20
9508,3,24
9509,5,19
9510,2,19
9511,3,12
9512,4,10
9513,4,15
9514,3,12
9515,5,20
9516,4,18
9517,5,24
9518,4,17
9519,2,14
9520,3,14
9521,2,23
9522,3,21
9523,4,15
9524,2,16
9525,1,13
9526,1,21
9527,3,24
9528,5,12
9529,3,19
9530,5,18
9531,2,23
9532,4,19
9533,1,19
9534,2,10
9535,4,23
9536,3,25
9537,1,11
9538,2,18
9539,5,19
9540,4,25
9541,5,12
9542,1,10
9543,2,13
9544,1,17
9545,3,23
9546,5,23
9547,5,23
9548,2,25
9549,1,22
9550,4,21
9551,1,17
9552,1,25
9553,1,17
9554,4,18
9555,5,25
9556,3,22
9557,3,19
9558,3,18
9559,3,19
9560,5,20
9561,1,20
9562,5,20
9563,5,18
9564,4,10
9565,4,20
9566,5,23
9567,1,13
9568,5,20
9569,5,19
9570,5,11
9571,5,11
9572,1,21
9573,1,20
9574,4,22
9575,3,25
9576,4,20
9577,1,24
9578,5,21
9579,4,21
9580,1,13
9581,5,15
9582,4,25
9583,3,24
9584,1,18
9585,3,17
9586,4,13
9587,3,15
9588,4,15
9589,3,12
9590,4,18
9591,2,21
9592,1,17
9593,2,18
9594,5,23
9595,4,19
9596,5,12
9597,5,22
9598,1,15
9599,3,23
9600,1,25
9601,4,12
9602,1,19
9603,5,14
9604,5,16
9605,5,12
9606,3,25
9607,3,12
9608,3,10
9609,4,20
9610,1,11
9611,1,16
9612,4,23
9613,2,22
9614,3,21
9615,3,16
9616,5,20
9617,3,13
9618,4,13
9619,1,11
9620,5,12
9621,4,19
9622,2,11
9623,4,13
9624,3,22
9625,4,12
9626,2,18
9627,5,16
9628,5,12
9629,5,20
9630,1,11
9631,1,14
9632,1,15
9633,4,10
9634,5,14
9635,2,13
9636,5,12
9637,2,19
9638,3,14
9639,2,21
9640,1,13
9641,5,17
9642,2,20
9643,5,13
9644,1,17
9645,1,19
9646,3,22
9647,3,19
9648,2,10
9649,3,25
9650,5,22
9651,3,10
9652,5,20
9653,3,12
9654,2,20
9655,3,25
9656,4,12
9657,3,17
9658,5,17
9659,4,19
9660,4,11
9661,4,10
9662,2,15
9663,4,10
9664,3,21
9665,1,12
9666,3,18
9667,1,24
9668,5,16
9669,2,11
9670,1,14
9671,4,11
9672,1,20
9673,5,19
9674,2,19
9675,1,11
9676,3,24
9677,5,15
9678,2,19
9679,1,20
9680,2,24
9681,5,14
9682,3,18
9683,2,11
9684,3,13
9685,2,23
9686,2,14
9687,5,21
9688,1,19
9689,3,13
9690,5,21
9691,5,13
9692,2,15
9693,5,25
9694,3,19
9695,3,21
9696,2,11
9697,4,25
9698,2,22
9699,4,17
9700,5,13
9701,2,18
9702,2,23
9703,3,20
9704,5,23
9705,4,20
9706,3,11
9707,3,19
9708,4,13
9709,3,13
9710,3,14
9711,1,18
9712,5,23
9713,1,10
9714,4,24
9715,3,19
9716,1,16
9717,1,22
9718,5,23
9719,3,17
9720,1,25
9721,4,13
9722,4,11
9723,3,16
9724,5,19
9725,4,23
9726,4,22
9727,3,19
9728,1,16
9729,4,10
9730,5,25
9731,1,22
9732,1,19
9733,4,13
9734,1,16
9735,3,12
9736,3,10
9737,2,11
9738,3,22
9739,5,25
9740,2,15
9741,4,13
9742,5,22
9743,4,20
9744,5,12
9745,3,25
9746,3,16
9747,1,20
9748,5,19
9749,1,18
9750,1,16
9751,3,15
9752,1,21
9753,4,18
9754,2,17
9755,2,24
9756,3,13
9757,1,25
9758,1,11
9759,2,18
9760,3,15
9761,2,11
9762,4,24
9763,3,13
9764,2,23
9765,4,23
9766,5,20
9767,3,24
9768,4,20
9769,5,19
9770,3,13
9771,5,25
9772,2,11
9773,4,10
9774,3,22
9775,1,18
9776,2,25
9777,4,22
9778,4,20
9779,2,17
9780,2,24
9781,3,21
9782,2,23
9783,2,13
9784,4,21
9785,4,25
9786,1,19
9787,5,16
9788,2,12
9789,1,16
9790,5,23
9791,3,15
9792,5,17
9793,1,14
9794,2,13
9795,5,10
9796,5,16
9797,2,12
9798,4,22
9799,3,21
9800,4,23
9801,1,11
9802,3,13
9803,2,23
9804,1,19
9805,2,20
9806,3,23
9807,3,11
9808,3,16
9809,4,18
9810,2,11
9811,3,25
9812,1,20
9813,3,14
9814,5,25
9815,4,11
9816,1,22
9817,1,10
9818,2,19
9819,2,14
9820,5,14
9821,1,23
9822,1,18
9823,1,19
9824,2,21
9825,1,22
9826,3,17
9827,1,12
9828,3,18
9829,1,22
9830,5,14
9831,5,17
9832,5,18
9833,5,15
9834,5,18
9835,2,24
9836,2,24
9837,5,14
9838,4,20
9839,4,11
9840,4,10
9841,1,25
9842,3,17
9843,3,10
9844,3,13
9845,1,14
9846,4,12
9847,4,20
9848,5,13
9849,2,21
9850,1,17
9851,2,22
9852,2,13
9853,3,17
9854,4,16
9855,1,19
9856,5,11
9857,5,24
9858,1,14
9859,1,19
9860,2,15
9861,1,25
9862,2,14
9863,2,11
9864,4,19
9865,1,12
9866,1,23
9867,1,14
9868,4,23
9869,2,19
9870,1,17
9871,1,21
9872,2,23
9873,4,20
9874,3,19
9875,5,16
9876,1,18
9877,5,23
9878,4,12
9879,3,11
9880,1,16
9881,2,24
9882,3,13
9883,2,15
9884,1,24
9885,2,11
9886,2,10
9887,5,18
9888,4,19
9889,5,24
9890,5,16
9891,1,16
9892,1,14
9893,3,22
9894,3,10
9895,5,23
9896,1,20
9897,5,14
9898,2,15
9899,2,21
9900,5,11
9901,2,24
9902,2,20
9903,5,22
9904,3,14
9905,5,16
9906,3,21
9907,3,23
9908,5,19
9909,2,25
9910,5,25
9911,5,10
9912,4,11
9913,3,14
9914,1,16
9915,1,11
9916,4,17
9917,1,21
9918,5,22
9919,3,13
9920,5,18
9921,2,16
9922,1,19
9923,1,12
9924,4,24
9925,4,14
9926,4,25
9927,5,24
9928,4,16
9929,1,18
9930,2,14
9931,2,12
9932,2,19
9933,3,17
9934,3,18
9935,5,14
9936,5,10
9937,1,24
9938,5,25
9939,2,10
9940,4,24
9941,4,17
9942,2,23
9943,1,24
9944,5,20
9945,5,16
9946,1,24
9947,1,14
9948,4,15
9949,3,16
9950,3,19
9951,2,13
9952,1,21
9953,4,18
9954,3,19
9955,2,17
9956,5,10
9957,3,14
9958,1,25
9959,3,25
9960,1,14
9961,5,23
9962,4,24
9963,5,20
9964,1,22
9965,1,11
9966,1,15
9967,3,11
9968,3,18
9969,5,18
9970,4,11
9971,2,16
9972,2,19
9973,1,21
9974,3,16
9975,1,14
9976,4,11
9977,3,11
9978,1,24
9979,4,15
9980,1,24
9981,2,23
9982,3,23
9983,4,18
9984,4,16
9985,1,24
9986,3,14
9987,4,17
9988,1,25
9989,4,20
9990,4,22
9991,2,17
9992,3,11
9993,3,17
9994,5,14
9995,1,10
9996,1,21
9997,2,13
9998,5,14
9999,2,25
10000,2,22
